inst,NumVars,NumConstrs,NumNZs,val_heu,v,bound,v_relaxed,t_model,t_heu,t_solve,t_relax,solution
cap100_n50_t50_LonLr_1.txt,9204,7407,28324,1225,1080,1080,1076.44,0.631999,0.0364745,0.13326,0.0272498,{38;40}|{35;47}|{30;23}|{36;29}|{41;28}|{26;43}|{31;24}|{19;22}|{21;15}|{9;20;46}|{18;16}|{17;34;11}|{12;14;39;48}|{10;13}|{3;45;8}|{5;7}|{33;6;32}|{1;4;49;25;27}|{2;37;50}|{42;44}
cap100_n50_t50_LonLr_2.txt,4631,3770,14182,1317,1198,1198,1198,0.173517,0.0207975,0.0253153,0.00778937,{45;40}|{38;31}|{9;30}|{35;29}|{28;37}|{19;27}|{25;26;49}|{33;24}|{34;7;23}|{20;22}|{42;43;21}|{18;12}|{17;13}|{16}|{15;8}|{41;14}|{11}|{10;4;46;50}|{6;39;48}|{2;5}|{1;3;44;47}|{36;32}
cap100_n50_t50_LonLr_3.txt,3260,2551,10190,1289,1224,1224,1224,0.472949,0.0149691,0.0192041,0.00539827,{42;43}|{41}|{31;32}|{50;27;45}|{26;30}|{25;37}|{18;24}|{36;23}|{22}|{21;47;16}|{20}|{49;19}|{17;8}|{44;12;15}|{29;14}|{13;46;48}|{11;39;40}|{10}|{9}|{33;5;38;7}|{2;6}|{4}|{1;3;28}|{34;35}
cap100_n50_t50_LonLr_4.txt,1546,1164,4787,1532,1447,1447,1447,0.0603776,0.0081532,0.00934029,0.00311685,{38;40}|{42;39}|{34;36}|{35}|{31}|{30}|{29;23}|{28}|{27;45}|{26;37}|{25}|{24}|{22;32}|{21}|{17;20}|{19;46}|{18;43;16}|{15}|{14}|{13;6}|{12;8}|{50;11;44}|{9;10}|{33;47;5;7}|{3;4}|{1;2;49;48}|{41}
cap100_n50_t50_LonLr_5.txt,3679,3030,11443,1280,1184,1184,1183,0.202251,0.0170794,0.0266659,0.00630164,{44;48}|{41;45}|{40}|{37}|{49;36}|{35;39}|{33;34}|{29}|{26;28}|{23;24}|{22}|{27;21}|{11;20}|{10;19;38;47}|{18;30}|{17}|{12;32;16}|{1;15;31}|{13;14}|{9;6}|{43;7;8}|{2;5;42}|{25;3;4}|{50;46}
cap100_n50_t50_ShLr_1.txt,2267,1791,7215,705,618,618,618,0.10365,0.00887752,0.0302937,0.00682449,{28}|{49;19;43;23}|{33;18;35;16}|{17;20;46;39}|{1;34;13;47;30}|{9;12;38;40}|{4;41;11;44;21;32}|{37;10;14;48;26}|{3;8;42;45;27}|{2;36;7;15;50;25}|{22;5;6;24}|{29;31}
cap100_n50_t50_ShLr_2.txt,2598,2100,8184,627,606,606,605.667,0.156451,0.00992489,0.0359554,0.00770998,{47;28;45;23}|{44;22;48}|{17;32}|{9;30;16}|{18;15;42}|{35;4;40;14;24}|{41;5;13}|{10;27;12;43}|{39;11;50;20;29}|{25;37;7;8}|{33;2;6;26}|{34;3;19;36}|{1;38;31}|{49;21;46}
cap100_n50_t50_ShLr_3.txt,1873,1391,6033,638,588,588,588,0.112093,0.00701952,0.0183666,0.00687194,{41;44}|{43;37}|{45;47;24}|{17;35;15;40}|{21;39;16}|{33;2;38;13;19}|{11;12;31;32}|{28;10;4;30}|{1;9;14;46;49;23;26}|{34;7;8;48;20}|{5;6;22;27;29}|{25;18;3;50}|{42;36}
cap100_n50_t50_ShLr_4.txt,1529,1135,4798,703,651,651,648.9,0.0690682,0.00593662,0.0206568,0.00503421,{18;19;50;48}|{17;10;44;40}|{4;37;43;16;21;27}|{47;46;15}|{41;14;39}|{38;7;42;13;22}|{35;12;32}|{11;29;30}|{9;34;36}|{45;8}|{26;6;24}|{2;5;49;23;31}|{1;28;3;20}|{25;33}
cap100_n50_t50_ShLr_5.txt,2457,1908,7873,575,535,535,531.139,0.141965,0.00892758,0.100593,0.0116055,{44;23;40}|{27;22}|{25;50;49;20}|{21;29;15;31}|{36;37;14}|{33;13;30;8}|{11;12;46;47;28;32}|{3;4;38;10;42;19}|{34;5;9;41;26}|{2;35;7;39;45;16;48;24}|{1;17;6;18}|{43}
cap100_n50_t60_LonLr_1.txt,4348,3525,13662,1335,1217,1217,1217,0.211342,0.0189867,0.0290754,0.00991607,{42;48}|{35;39}|{34;36}|{33}|{31;32}|{30}|{29}|{28}|{27;24}|{49;26;38}|{22}|{21;14}|{20;13;46}|{25;19}|{41;18;12;44}|{17;11}|{15;16}|{10;50;47;8}|{9;4;37}|{5;45;7;40}|{2;6}|{1;3;23}|{43}
cap100_n50_t60_LonLr_2.txt,4594,3619,14306,1230,1142,1142,1142,0.209317,0.0192297,0.0260229,0.011379,{35;37}|{34;44}|{40;32}|{36;31}|{28;22}|{21;29}|{18;20;39}|{19;27}|{17;15}|{9;23;16}|{42;14;50}|{43;13;8}|{12;6}|{10;11;47;48;30}|{7}|{1;5;49;24;26}|{33;41;4}|{2;3;38;46;25}|{45}
cap100_n50_t60_LonLr_3.txt,4207,3295,13231,1260,1150,1150,1150,0.199327,0.0177665,0.0410757,0.0133104,{34;35}|{30;32}|{41;28}|{25;47;23;50}|{22;24}|{43;44;21}|{33;18;45}|{17;46;6;40}|{49;12;48;16}|{20;15}|{29;14}|{9;13}|{11;38;39}|{10;19}|{2;8}|{42;5;7}|{26;4}|{1;3;27;31}|{36;37}
cap100_n50_t60_LonLr_4.txt,3902,3117,12164,1332,1251,1251,1250,0.209907,0.0186431,0.0235167,0.00648928,{42;45}|{40}|{37;39}|{36;47}|{35;46}|{33}|{30}|{29}|{27;21}|{26;32}|{25;24}|{28;23}|{12;22}|{44;20;14}|{17;19;49}|{18;48;8}|{16}|{41;5;15}|{2;13;31}|{10;11;50}|{9;34;4}|{6;7}|{1;3}|{43;38}
cap100_n50_t60_LonLr_5.txt,4129,3131,13122,1234,1115,1115,1113.75,0.193937,0.0170388,0.0746057,0.0126598,{35;45}|{33;50;40}|{31;32}|{42;30}|{28;29}|{27;24}|{26;46;38}|{21}|{20;23}|{19;22}|{17;18}|{14;16}|{13;15;37}|{49;43;12;7}|{10;11}|{9;41;6;48}|{2;44;8}|{34;4;5}|{1;25;3;47}|{36;39}
cap100_n50_t60_ShLr_1.txt,2047,1613,6591,634,565,565,564.444,0.104096,0.00769925,0.0367103,0.00722432,{34;31}|{19;21}|{17;20;37;30}|{49;32;15;16}|{41;43;14;18;28}|{35;9;44;13;27}|{7;40;12;50;29}|{10;11;26;42}|{38;6;39;8;25}|{1;2;5;45;47;23}|{3;4;46;48;22;24}|{33;36}
cap100_n50_t60_ShLr_2.txt,2071,1621,6707,694,673,673,673,0.139002,0.00801659,0.0207818,0.00498724,{25}|{42;22;23}|{49;21;37}|{34;20;40}|{17;44;45;24}|{12;48;16;28;29}|{9;43;15;50;31}|{6;35;14;47}|{26;30;5;13}|{1;33;38;11;19}|{10;27;46;7}|{18;4;8}|{41;2;3;32}|{36;39}
cap100_n50_t60_ShLr_3.txt,1973,1532,6367,600,569,569,564.964,0.1217,0.00735164,0.136192,0.0118258,{37;40;44;50;19;20}|{17;42;16}|{34;36;46;15}|{38;45;22;23}|{9;27;12;32}|{8;48;49;25;26}|{41;11;5;39}|{33;3;4;31}|{1;2;35;14;24}|{6;10;18;21;30}|{7;43;13;47;28;29}
cap100_n50_t60_ShLr_4.txt,2025,1552,6539,679,628,628,627.5,0.0939233,0.00760412,0.0312362,0.00888705,{41;37;16}|{17;34;35;15}|{43;44;14;18;28}|{42;13;22;39}|{36;5;12;19;32}|{1;33;38;11;26}|{10;29;31}|{9;3;49;47}|{7;40;8;45;21;24}|{20;6;48}|{2;4;46;50;27;30}|{25;23}
cap100_n50_t60_ShLr_5.txt,2975,2258,9637,586,548,548,546.608,0.161083,0.0103724,0.0848079,0.0216722,{44;45;18;21;29}|{13;38;39;16}|{19;14;31}|{33;36;12}|{26;11;34;8}|{37;40;41;10;15;20;28}|{4;9;43;48;23;24}|{35;6;7;46;50;22}|{3;5;47;49;25;27}|{1;2;17;30;32}|{42}
cap100_n100_t100_LonLr_1.txt,30647,26843,95034,2449,2174,2174,2166.99,1.47267,0.148845,1.90567,0.11242,{68}|{58;59}|{52;46}|{89;44;77;39}|{99;38;80;40}|{75;36;37;69}|{98;56;31;29;63;64}|{45;78;79;21;88;28}|{82;84;26;27;60}|{100;70;72;24;25}|{74;23;48}|{97;71;53;22;92;30}|{20;55;91;94;32}|{49;18;19;85;95}|{17;62;47}|{81;76;15;16}|{65;66;11;14;93}|{35;73;43;12;13}|{41;10;57;8}|{33;7;9;83;87;61}|{1;67;6;51;86}|{42;4;5;54}|{2;3;50;34}|{90;96}
cap100_n100_t100_LonLr_2.txt,11859,10451,36762,2678,2480,2480,2479.5,0.791603,0.0615518,0.117872,0.0414667,{80}|{76}|{73}|{75;45;70;99}|{90;43;44;67}|{41;72}|{40}|{97;35;37}|{65;42;36}|{33;34;91}|{61;32}|{69;77;16;93;30}|{84;56;88;28;29}|{71;47;85;24;27}|{26;6;58}|{17;25;53;62}|{79;22;23;95}|{12;49;50;21;86;89}|{82;18;20;54;87}|{100;19;52;63}|{10;46;15;57;96}|{11;14;83;51;55;92}|{68;4;13;64}|{9;39;60;7}|{38;8;74;81;31}|{66;2;98;5;59}|{1;3;48}|{94;78}
cap100_n100_t100_LonLr_3.txt,28964,24265,89725,2362,2165,2165,2160.5,1.5321,0.142989,0.550967,0.104619,{52;53}|{50;59}|{42;43;76}|{90;45;88;40}|{65;98;99;36;37;84}|{33;35;100;93}|{34;69;70;32}|{66;72;31;24}|{44;30}|{25;75;28;55}|{27;85;78;39}|{41;26;91;62}|{51;21;86;22;94;96}|{47;18;23;58}|{12;46;16;83;87}|{73;11;15;48}|{68;19;60;14}|{20;13;77;64}|{97;4;38;71;10;92;29}|{9;67;63;8}|{5;7;79;80;81}|{2;6;74;49;89}|{1;3;17;82;54;56}|{57;61;95}
cap100_n100_t100_LonLr_4.txt,32956,28204,102527,2551,2233,2233,2226.85,1.69799,0.160466,2.61683,0.165335,{57;54}|{82;52;80;48}|{46;72}|{89;35;96;40}|{66;34;37}|{83;13;29;56}|{81;59;28;32}|{17;27;75;67}|{26;88;31;87}|{42;74;23;25;92;95}|{18;84;85;24}|{71;61;22;15}|{78;60;21;30}|{5;79;51;20;86}|{97;36;73;19;62}|{33;98;99;100;16;63;64}|{68;11;14;49;91;93}|{9;50;12;45}|{39;10;77;47;90}|{65;43;7;8}|{4;38;6;76;55;58;94}|{3;44;69;70}|{1;2;41;53}|{}
cap100_n100_t100_LonLr_5.txt,23456,19860,73610,2410,2156,2156,2150.33,1.50378,0.121751,0.609552,0.0949681,{80;72}|{50;53}|{52}|{66;51;83}|{49;82;54;87}|{81;94;46;47}|{90;62;39}|{38}|{41;34}|{33;71;78;26;27}|{36;76;86;93;32}|{29;31;56}|{17;74;68;30}|{20;73;91;28}|{25;24}|{79;22;23}|{67;99;100;16;19;64}|{97;70;10;15;92;63}|{65;18;61;14}|{40;42;12;13;77;85}|{9;11;45;69}|{98;37;8;55;60}|{57;58;5;7}|{35;4;6;95;96}|{2;3;44;48;88;89}|{1;43;21;59}|{75;84}
cap100_n100_t100_ShLr_1.txt,6561,5358,20949,1347,1211,1211,1206.33,0.30421,0.0297523,0.279438,0.0317938,{97;79;88}|{64}|{75;87;91;93;63}|{62}|{61}|{82;58;84;54}|{66;34;67;36}|{35;44;77;85;59;31}|{33;98;78;86;95}|{89;83;55;24;25;60;94}|{70;43;20;21;56}|{47;14;15;48}|{72;13;46;16;49;81;26}|{68;42;12;45;19;27}|{65;8;9;51;29;32}|{7;40;41;74;11}|{100;5;38;39;6;71;23}|{3;4;99;73;10;52;22;57;30;96}|{1;2;37;69;17;18;50;53;28}|{90;92;76;80}
cap100_n100_t100_ShLr_2.txt,6172,4936,19877,1227,1156,1156,1149.5,0.287143,0.0268552,0.40789,0.0267887,{54}|{56;48}|{45;47}|{75;69;46}|{97;44;96}|{42;43;92;93;63}|{65;41;77;85;24;26;62}|{67;76;13;17;50;84;23;89}|{16;49;51;20;86;27}|{35;73;12;14;88;58;30;64}|{37;11;78;80;21;53}|{36;5;70;39;10;74;55;95}|{4;40;9;15;57;29;32}|{38;6;8;18;82;83;59;28;61}|{33;2;34;7;72;22;87;60}|{1;66;3;99;71;19;52;25;90;94;31}|{98;68;100;79;81;91}
cap100_n100_t100_ShLr_3.txt,6240,5068,19961,1256,1152,1152,1146.07,0.782422,0.0273638,0.419903,0.0410075,{41;26;29;87}|{36;70;39;49;83;24;25;93}|{34;99;69;73;23;92}|{68;38;71;81;18;22}|{65;20;94;95;64}|{77;16;19;91;60;62;96}|{75;80;17;51;54}|{59;14;52;86;27}|{10;42;44;13;85}|{67;37;43;12;50;84;63}|{40;9;11;46;78;82;55}|{33;90;98;7;8;15;58;61;32}|{1;6;76;47;79;21;53;28}|{97;35;4;5;100;72;88;56;57;31}|{66;2;3;74;45;48;89}|{30}
cap100_n100_t100_ShLr_4.txt,5032,4008,16168,1239,1126,1126,1120.33,0.289133,0.0220919,0.331687,0.0241721,{68;45;47;83;56;90}|{57;70;46}|{42;43;75;89;61;96}|{71;60;44;53;25;28}|{33;26;23}|{51;52;86;22;24;87}|{41;20;85;39}|{19;21;78}|{100;76;77;14;18;91;29}|{98;99;36;38;7;74;11;55;63}|{34;72;73;10;8;94;95}|{97;37;9;13;79;81;64;62;32}|{3;59;6;15;80;49;82;54;27}|{65;4;5;69;40;16;58;92;93;30}|{1;2;35;66;67;12;48;17;84;88;31}|{50}
cap100_n100_t100_ShLr_5.txt,6252,5150,19956,1243,1149,1149,1147.94,0.375042,0.027179,0.253591,0.032757,{82}|{98;77;88}|{76}|{68;71;40;25;26}|{70;54;24;57;28}|{33;36;69;19;20;83;56}|{99;18;51;84;52;85;95}|{37;16;80;55;23;59}|{67;7;73;42;15;22;92;29;96}|{35;100;6;14;49;50;90;91;61;94}|{66;10;13;45;47;60}|{1;34;39;12;78;81;53;58;64}|{2;38;41;11;75;48;63}|{8;9;74;44;46;27}|{65;4;5;43;79;93;31}|{97;3;72;17;62;21;87;30;32}|{89;86}
cap100_n100_t120_LonLr_1.txt,12912,10827,40350,2531,2286,2286,2279.81,0.660437,0.0598726,1.1695,0.0542622,{46;48}|{99;52;45;95}|{74;42;83}|{38;40;81;55;63}|{73;79;39}|{67;57;90;29;30}|{97;51;21;26;94;64}|{25;27;71;72}|{98;68;47;53;22;86;24}|{65;100;23;92;61}|{66;69;44;19;20}|{18;59;56;16}|{41;28;17;82;60}|{10;75;15;49;91;32}|{5;14;84;54;93}|{37;70;11;13;77}|{34;8;12;85;87;31}|{33;2;35;9;76;58;96}|{3;36;6;7;78;80}|{1;4;43;50;62}|{89;88}
cap100_n100_t120_LonLr_2.txt,11466,9576,35466,2641,2422,2422,2422,0.598827,0.0574894,0.076124,0.0326838,{99;70;74;47;49}|{41;43}|{66;42;71;48}|{40}|{39}|{68;46;78;38}|{33;34;61;86}|{69;30;79;32}|{35;29;63;85}|{44;28}|{65;51;84;55;26}|{37;24}|{50;23}|{90;92;21;62}|{19;22;56;93;95}|{11;76;18;88;91;60}|{17;59;12;83}|{98;36;100;77;16;64}|{53;14;15}|{67;7;75;13;45}|{1;97;10;57;58;96}|{9;54;87;25;94}|{6;8;73;82;27}|{2;5;80;20;89;31}|{81;3;4;72}|{52}
cap100_n100_t120_LonLr_3.txt,16292,13960,50837,2472,2275,2275,2270.95,0.913346,0.0765703,1.30018,0.0763779,{98;96}|{97;93}|{49;86;88;48}|{87;44;47}|{72;40;76;46;92}|{84;83;28;30}|{82;27;85;55}|{99;50;19;26;60;95}|{39;43;78;25;59;89}|{45;80;51;23;24;91}|{74;42;22;71}|{65;73;20;21;53}|{34;11;81;18;56}|{66;100;7;17;52}|{9;67;70;16}|{4;38;15;57;63}|{68;69;6;14;90;29;94}|{5;41;12;13;77;64;32}|{3;10;75;54;58;31}|{1;33;37;8;61;62}|{2;35;36;79}|{}
cap100_n100_t120_LonLr_4.txt,12798,11287,39931,2639,2456,2456,2453.75,0.716993,0.0619557,0.127539,0.0462115,{74;87}|{66}|{41;81;44;70}|{90;37}|{89;50;36;95}|{78;45;30;79}|{34;29;86}|{65;84;68;28}|{73;27;46;38}|{26;62;63}|{25;82;61;23}|{98;99;21;32;64}|{20;56;93;94;31}|{71;7;19;24;92}|{17;18;54;55}|{67;39;40;9;16;96}|{69;15;48;49;22}|{13;14;88;59;60}|{5;76;12;47;52;91}|{33;3;35;100;72;11;80}|{57;10;6;58}|{97;2;8;42;51;85}|{1;4;43;77;83;53}|{75}
cap100_n100_t120_LonLr_5.txt,18208,15356,57247,2397,2201,2201,2190.63,0.988138,0.0812442,2.2711,0.0862505,{49;85;93;48}|{44;47}|{38}|{36;39}|{97;34;37;72;75;92}|{33;86;54;64}|{83;87;56;26;62;32}|{84;25;57;61;30;95;96}|{73;27;29;79}|{71;69;22;31}|{40;76;19;21;58}|{70;41;15;16;80;18;55;91}|{17;68;67;20}|{99;100;12;45;46;14}|{60;13;63}|{65;98;10;11;59}|{66;9;52;23;90}|{5;8;42;50;88;94}|{3;7;43;81;82;24}|{1;35;6;77;78;28}|{2;4}|{89;74;51;53}
cap100_n100_t120_ShLr_1.txt,3895,3100,12573,1294,1229,1229,1226,0.184916,0.0168176,0.16919,0.0191712,{66}|{65;18}|{67;99;14;17;49;51;29;95;32}|{69;73;45;77;47;15;16;84}|{13;23;57;26;94}|{97;43;12;46;24;93}|{41;42;11;76;82;56;28;63}|{98;100;5;38;37;10;78;79;52;21;55}|{7;9;74;50;53;88;25;91;30}|{35;8;72;44;83;86;27;61;62}|{2;36;68;6;71;40;48;19;85;92}|{1;33;4;20;54;87;58;31;96}|{34;3;39;75;81;22;89;90;59;60}|{70;80;64}
cap100_n100_t120_ShLr_2.txt,5640,4521,18220,1202,1127,1127,1125.62,0.469147,0.0218215,0.163703,0.040462,{35;21;23}|{66;67;20}|{99;72;19;84;57;60}|{34;98;38;43;80;18;85;61;96;64}|{68;39;41;11;48;17;82;83;24;59}|{33;97;37;8;40;73;14;81;53;22;58;94}|{7;55;93;62;31}|{65;6;70;91;10;44;47;27;28;30}|{5;78;79;51;52;25;89;29;63}|{4;71;74;16;49;50;88;26;95}|{3;36;69;100;12;77;46;15;86;87;56;32}|{1;2;9;42;75;76;45;54;90;92}|{13}
cap100_n100_t120_ShLr_3.txt,4468,3487,14496,1320,1207,1207,1206.4,0.274652,0.0195618,0.0588202,0.0171254,{68;51;36;47}|{33;53;38}|{63;34;54;31}|{67;77;80;91;30;96;64}|{71;40;72;20;55;56;28}|{98;18;19;59;62}|{97;43;75;13;45;16;93;83;60;29}|{15;87;90;26;58}|{39;7;41;11;85;86;25}|{99;100;69;8;10;82;52;24;57;27;89}|{9;42;14;79;81;50;21}|{5;6;73;74;48;49;84;23;94}|{65;66;3;4;78;22;88;92}|{1;2;70;12;44;76;17;61;95;32}|{35;37;46}
cap100_n100_t120_ShLr_4.txt,3571,2742,11717,1265,1194,1194,1192.4,0.217714,0.0145838,0.142591,0.0205936,{98;100;69;42;75;45;59}|{41;84;88;57;96}|{37;12;19;54;87;32}|{97;66;39;76;13;15;48;81;18;23;63}|{68;43;11;14;47;89;91;28;29;62}|{65;34;67;36;99;10;79;16;50;51;82;95}|{35;9;80;17;49;24;90;64}|{7;8;71;73;46;94;56;27;93;30}|{4;6;38;77;83;20;26;31;58}|{3;5;40;21;22;53;85;86}|{1;2;33;72;44;78;52;55;25;92}|{74;60;61;70}
cap100_n100_t120_ShLr_5.txt,3919,3108,12595,1299,1220,1220,1220,0.2281,0.0169683,0.0455894,0.0168927,{42;83;44;72}|{73;67;38;40}|{68;43;20;53;23;29}|{37;79;81;18;51;54}|{34;15;16;96;93;31;64}|{97;36;69;39;46;14;80;52;84;61}|{66;13;82;87;25;63;32}|{65;3;9;45;50;21;94;62;95}|{6;8;19;85;86;24;26;60}|{70;7;71;10;48;49;89;27}|{35;99;5;100;76;77;47;17;58;30}|{1;33;98;4;11;57;59;92}|{2;12;78;22;55;56;88;90;91;28}|{41;74;75}
cap100_n150_t150_LonLr_1.txt,43586,38384,135907,3462,3171,3171,3161.25,2.14536,0.231405,9.89085,0.200501,{110}|{133;40;44;118;61;95}|{36;102;39;147;123;94}|{92;35;91;38}|{37;136;139;84;117;86}|{34;42;77;148;150;58}|{71;137;75;125;115;29;31}|{65;101;72;107;30;32}|{28;76;114;19;60;126}|{41;82;146;116;149;88;27}|{98;73;120;24;26;59}|{135;45;16;51;25;90;93;63;96}|{131;17;81;85;23}|{130;70;106;13;113;22}|{129;67;99;141;18;83;52;21}|{132;105;14;143;20;57;64}|{66;68;43;12;15;127}|{97;100;10;11;142;112;53;56}|{9;78;48;50;87;121;122}|{33;5;69;8;74;111;49;124}|{6;7;80;144;54;55;119;128}|{2;4;103;138;145;89;62}|{1;3;104;46;79;47}|{140;108;109;134}
cap100_n150_t150_LonLr_2.txt,31133,27271,97437,3723,3441,3441,3436.04,1.69415,0.168993,2.0037,0.136161,{130;131}|{148;127;128}|{122;147;116}|{49;121;48}|{139;44;143;83;88;123}|{40;43;84;87;61;126}|{65;41;42;119;124}|{68;36;37;80;115;118}|{82;35;85}|{33;38;73;110;117;91}|{69;135;71;137;19;30}|{66;134;113;149;29;31}|{74;108;141;146;55;25;28}|{27;76;78;23}|{26;60;93;72}|{34;105;138;107;53;24}|{136;11;75;77;112;22}|{109;79;21;150;120;57;89}|{145;18;51;20;90;59;92}|{99;47;15;17;144;56}|{70;6;39;106;140;16;86}|{67;100;103;12;14;142;50}|{97;5;102;13;46;63}|{129;98;133;9;10;52;54;95}|{3;101;8;45;62;96}|{1;7;104;111;58;64}|{2;4;81;114;94;32}|{132;125}
cap100_n150_t150_LonLr_3.txt,31417,27437,98350,3799,3520,3520,3517.5,1.90118,0.17372,1.33409,0.14729,{133;102;104}|{124;93;94}|{140;86}|{82;83;139}|{137;74;136}|{73;77;134;143}|{81;90;61}|{92;106;59;60}|{72;42;45;112;84}|{35;36;80;148;125}|{33;129;70;75;107;30}|{38;71;78;110;115;29}|{131;144;57;58;123;28;32}|{132;111;50;51;114;25}|{97;108;49;24;31}|{141;79;17;145;55;23;122}|{67;68;103;12;22}|{39;14;113;21;87;121;62}|{146;147;20;116;56;89;26;63}|{69;109;142;18;19;54}|{98;43;15;16;91}|{99;105;10;138;44;13;128}|{65;34;135;9;11;46;119;64}|{2;8;47;48;120;88;127;95}|{66;101;6;7;41;52;149;150}|{1;5;37;76;117;27;96}|{130;3;4;40;53;85;118}|{100;126}
cap100_n150_t150_LonLr_4.txt,35371,30711,110900,3695,3357,3357,3345.51,2.19887,0.199708,4.48192,0.154057,{76;79}|{77;70}|{65;82}|{100;132;102;143;50;54}|{49;98;101;63}|{89;61;46;95}|{51;44;149;147}|{66;135;136;41;78}|{37;71;39;107;120;91}|{138;36;38;134}|{33;34;67;131;74;118}|{72;106;112;53;32}|{130;133;88;25;31}|{129;22;59;30;128}|{123;105;27;29;96}|{11;114;117;58;28}|{40;146;26;125;94}|{68;69;23;24;122;126}|{142;47;144;20;21;85;93}|{73;140;14;19;84;127}|{99;9;81;18;119;64}|{42;12;45;110;17;116;86;90}|{113;111;15;16}|{10;108;13;60;62}|{97;35;7;8;104;75;141;145;56}|{5;6;83;52;115;148;150;92}|{3;4;103;137;43;139;109;48}|{1;2;55;57;124;121}|{87;80}
cap100_n150_t150_LonLr_5.txt,34771,30463,108393,3675,3342,3342,3341.58,2.00445,0.179373,0.717227,0.148413,{65;62;150;136}|{43;44;115;123;94;95}|{92;36;134;135}|{35;133;91;47}|{129;34;69;15;79;117}|{33;131;76;141;45}|{146;119;89;26;32}|{75;78;17;124;31}|{110;142;48;143;85;86;28;30}|{109;61;90;27;29;63}|{2;70;114;25;122;60}|{130;39;111;16;82;84;54;24}|{71;106;112;50;21;55;23}|{37;104;72;74;22;126}|{100;13;20;56;88;57;121}|{98;132;41;80;145;18;19;116}|{8;105;108;14;51;64}|{67;6;12;46;93;127;128}|{1;68;101;103;138;11;144;58}|{10;42;81;148;53;87;120;125}|{97;4;40;9;137;49;113;83}|{3;102;7;73;107;77;52;118}|{66;5;38;139;140;59}|{149;99;147;96}
cap100_n150_t150_ShLr_1.txt,9357,7621,29916,1884,1752,1752,1746.57,0.42944,0.0432277,0.947236,0.0684588,{34;43}|{29;30;47;53}|{28;118;135}|{129;104;136;110;84;86;27}|{82;83;20;24;95}|{36;41;105;78;79;19;120;121;91}|{66;133;18;117;119;25;62}|{131;16;17;116;61}|{97;2;68;76;15;144;150;60;93;126;127}|{33;35;100;8;106;140;77;14;146;59;63;128}|{3;39;75;108;13;85;56;124;125;96}|{98;101;134;71;40;73;11;44;12;142;80;50;123}|{67;103;72;10;107;45;143;81;145;22;55;57;90;31}|{99;9;74;137;138;111;48;113;51;26}|{132;69;7;139;109;46;49;114;148;21;87;92;64}|{1;65;130;37;6;42;141;112;115;147;149;23;88;89;58}|{4;5;102;70;122;94}|{54;52;38;32}
cap100_n150_t150_ShLr_2.txt,8697,7234,27707,2024,1893,1893,1888,0.9896,0.0412593,0.357382,0.0374608,{33;138;118;150;28}|{122;78;82;26;125}|{109;81;24;90;93}|{77;142;79;23;120;126}|{98;72;74;22;27;124}|{132;71;73;18;147;116;21}|{115;20;119;56;31}|{17;19;148;117;55;123}|{35;133;43;141;111;16;30;62}|{100;70;39;42;12;15;112;54;86;121;58}|{66;103;137;140;14;113;53;57;89;95}|{131;69;11;108;13;47;50;32}|{129;40;41;10;75;76;106;107;59;60;128}|{68;101;38;6;135;9;139;80;52;149;91;92;29}|{130;102;134;8;105;46;143;48;84;63;64}|{34;67;36;5;7;104;144;51;83;88;94}|{65;3;4;37;99;49;114;127;96}|{1;2;97;136;44;45;110;145;146;85;87;25;61}
cap100_n150_t150_ShLr_3.txt,9596,7987,30486,1975,1822,1822,1819,0.546979,0.0443137,0.319363,0.0426047,{99;102}|{130;103;143;115;95}|{82;87}|{39;80;49;83;25}|{97;41;107;79;144;145;21;29}|{98;132;78;19;20;90}|{127;70;74;48;18;148;56;55;24;123;31}|{69;135;104;75;140;109;14;17;122}|{36;4;141;128;142;16;84;89;121;63;32}|{66;35;45;15;62;53;94;119;93;30}|{34;137;42;139;13;81;117;23;61}|{71;136;9;138;12;111;57;58}|{134;7;105;11;77;51;116;54;86;120;150}|{37;40;73;10;92;76;110;112;27;60;125;126}|{65;2;129;38;8;72;108;50;146;52;147;118;149;88;28;96;64}|{67;131;5;6;101;133;43;44;114;22;91}|{1;33;3;68;106;46;47;113;85;26;59;124}|{100}
cap100_n150_t150_ShLr_4.txt,9901,7871,31976,1830,1685,1685,1673.69,0.561795,0.0437229,4.64533,0.056016,{121;123;132}|{118;44;117;46}|{25;116;36;24}|{97;101;74;75;114;147;149;23;87;29}|{34;67;135;138;47;79;49;19;20;115;119;90;91;61}|{66;68;112;113;18;148;22}|{65;129;35;99;69;92;124;17;28}|{131;71;108;14;15;146;150;58;59;30}|{98;37;72;9;41;107;13;77;109;142;145;127;64}|{38;7;106;43;12;140;78;80;57;60}|{100;39;137;11;54;55;88;89;26;95}|{33;130;5;133;103;104;73;10;144;82;21;53;120;56;32}|{4;70;102;40;8;76;141;143;51;52;84;122;27;128;96}|{1;6;136;42;139;45;111;83;85;93;63}|{2;3;105;110;48;16;50;81;94;86;62;31}|{125;126;134}
cap100_n150_t150_ShLr_5.txt,8905,7467,28398,1909,1781,1781,1777.33,0.564828,0.0423141,0.449624,0.0415599,{38;135;39;83;53}|{130;133;44;46;144;82;30}|{132;74;76;28;32}|{98;73;141;111;145;115;150;23;29;96}|{66;67;131;137;107;108;143;48;21;86;26;92}|{65;35;103;18;20;122;124;95;64}|{106;81;19;85;25;123;61;126}|{97;9;42;11;43;138;120;119;56;89;62}|{36;5;10;139;142;112;118;57;90;91;60;31}|{129;34;70;71;8;104;15;54;93}|{33;102;7;41;75;140;117;58;27;94;128}|{100;37;6;69;40;14;113;114;55;88;59}|{4;68;101;134;12;77;47;50;116;148;22;149;63}|{3;99;13;78;109;80;17;51;52;121;125}|{1;2;72;105;45;110;79;16;49;146;147;84;24;127}|{87;136}
cap100_n150_t180_LonLr_1.txt,24486,20594,77359,3669,3382,3382,3371.24,1.33084,0.127729,4.39254,0.121532,{64}|{63}|{57;58}|{61;55}|{41;105;102}|{40;75;145;84;117;150;62;128}|{100;37;134;106;142;143;32}|{33;36;93}|{129;35;67;131;39;104;92}|{65;34;98;78;95;31}|{99;59;91;15;114;52;27}|{133;136;47;81;26;30}|{68;101;110;148;149;25;90;29}|{66;137;77;141;20;21;53;118;24;122}|{130;103;12;46;23;88}|{11;132;70;22}|{69;73;18;19;123;126}|{76;109;16;17;49;51;82;121;124;127}|{72;107;13;14;48;50;146;147;85;96}|{4;10;45;79;112;113;83}|{6;9;42;43;74;111;144;115;86;28}|{97;3;8;116;54;89;60;125}|{5;7;135;138;108;87;56;94}|{1;2;38;139;44;140;119;120}|{71;80}
cap100_n150_t180_LonLr_2.txt,23828,20615,74580,3706,3456,3456,3442.08,1.37561,0.114526,4.51491,0.100385,{73;107;81;123}|{139;147;47;56}|{100;42;44;108;78;141}|{35;36;136;137;72}|{34;99;71;79;117}|{130;3;131;101;45;82;83;28}|{59;70;106;140;116;27;30}|{103;135;21;86;55;57;26}|{132;50;51;87;88;25;128}|{105;43;80;53;23;24;96}|{40;41;76;17;22;118;58}|{97;134;104;19;20;54;119;60;63}|{33;138;77;18;115;90;62}|{69;74;14;111;16;144;125}|{124;13;46;15;52;89;92;126}|{67;9;12;109;114}|{65;66;102;11;145;150;94;32}|{68;37;133;8;10;48;127;93;95}|{38;39;6;7;112;113;146;84;148;149;61}|{1;98;5;75;49;120;121;29}|{129;2;4;110;85;122;91;31;64}|{142;143}
cap100_n150_t180_LonLr_3.txt,20474,17570,64234,3875,3612,3612,3604.5,1.22884,0.106147,1.57866,0.0839684,{90;117;94}|{93;87}|{110;109;86}|{130;41;46;143;92;61;96}|{84;38;88}|{35;101;40;138;50;89;123}|{75;83;30;31}|{66;135;106;107;26;59;29;128}|{104;105;56;25;57;124}|{81;36;150;24}|{37;72;140;114;148;23;60;125;95}|{33;132;74;79;51;54;22;119}|{103;39;9;108;80;21}|{44;78;144;146;20;53}|{113;19;77;111}|{13;142;18;149;55;63}|{100;133;71;73;137;17;27}|{99;136;11;139;48;16;52}|{102;76;14;47;15;126;127}|{65;97;129;134;7;12;82;58;32}|{34;3;69;70;10;42;115;116;147}|{98;131;6;8;45;49;85;118}|{67;68;4;5;43;141;112;120}|{1;2;145;121;122;28;62;64}|{91}
cap100_n150_t180_LonLr_4.txt,21465,18339,67421,3782,3471,3471,3462.54,1.16063,0.106852,3.04076,0.089442,{138;45;77;143;146;51;119;89;90}|{44}|{41;57;46}|{133;40;52;86;121;92}|{122;35;126;144}|{33;107;97}|{99;140;81;113;54;32}|{101;141;148;26;27;127;96}|{129;24;93;94;128}|{111;118;23;88;31}|{108;79;80;17;22;123}|{104;109;78;142;145;82;21}|{68;106;49;20;63}|{66;137;42;112;19;115;95;64}|{100;70;72;75;18;28;125}|{103;74;43;15;16;50;59}|{98;130;69;71;14;147;117;30}|{58;13;102}|{65;11;12;48;114;62}|{9;10;73;120;56;25;91;124}|{3;132;135;8;105;76;55;87;29}|{2;37;134;7;136;84;85;116}|{1;36;4;6;38;110;149;150;60;61}|{34;67;131;5;39;139;83}|{53;47}
cap100_n150_t180_LonLr_5.txt,33730,29817,105220,3781,3432,3432,3430.33,2.06804,0.180378,1.51591,0.180868,{100;125;102}|{97;103}|{137;90;124;88}|{81;78}|{69;80}|{108;53;54}|{132;104;41;40;75;149;87}|{38;46;83;121;94}|{33;36;70;79}|{67;39;138;112;113;150;30}|{82;74;27;35}|{65;34;99;136;107;48;26;127}|{146;147;86;25;58;92;31}|{133;111;84;24;57;60;29;126}|{130;50;51;20;114;93}|{66;37;76;109;16;145;144;19;119}|{131;71;105;141;17;18;56;96}|{72;73;10;45;15;143;148;128}|{135;42;12;14;142;49;115;89;91}|{134;106;11;43;13;140;85;117;61}|{7;8;9;110;120;59;28;63}|{2;98;6;77;22;55;23;122;123;95}|{129;3;5;52;116;118;62;32}|{1;4;68;139;44;47;21;64}|{101}
cap100_n150_t180_ShLr_1.txt,7481,6066,24083,1858,1741,1741,1735.89,0.619792,0.0339816,0.63774,0.0536039,{66;36;37;38;111;48;80;112;55;56;63}|{35;106;110;82;150}|{138;109;81;148;117;149;29;32}|{136;105;140;45;79;24;124;125;30}|{103;135;41;42;73;113;51;21;119;59;62}|{98;137;77;19;20;147;121;126}|{72;43;18;83;52;25;57;128;95;96}|{133;134;39;104;74;11;12;76;144;114;27;92;93}|{131;68;127;40;9;8;75;142;47;53;91;94;31}|{90;99;6;7;71;107;44;141;17;49;146;118;88;58;123;28;64}|{3;100;5;102;132;139;78;15;89;26;60;61}|{67;4;101;70;13;46;143;16;50;84;120;23;87;122}|{1;2;65;97;69;129;130;10;108;14;145;116;85;22;54;86}|{33;34;115}
cap100_n150_t180_ShLr_2.txt,10536,8462,33912,1838,1677,1677,1665.42,0.765586,0.0451224,12.6571,0.0672512,{36;42;142;115;20;118;23;150;127}|{66;101;133;39;108;140;16;19;83;119;90;92;64}|{33;75;15;61;111;18;112;84;123;29;62}|{34;99;102;138;17;50;113;52;145;126}|{98;70;105;74;11;109;14;49;51;147;54;87;122;30}|{129;100;38;71;44;12;13;82;86;55;125;63}|{65;4;72;10;46;47;146;149;121;94;95}|{2;35;132;134;103;9;139;76;77;114;116;56;89;58;93;96;32}|{1;67;68;69;131;135;8;106;141;110;144;81;120;88;24;25}|{97;5;91;7;136;41;137;78;79;143;148;53;22;117;59;124;31}|{130;3;37;6;104;107;45;48;21;27;128}|{40;73;60;43;80;85;57;26;28}
cap100_n150_t180_ShLr_3.txt,7978,6582,25626,1953,1836,1836,1828.58,0.53976,0.0371196,0.483643,0.0485847,{35;37;72;83;122;93}|{97;34;73;84;52;123;60;94}|{33;129;71;136;107;111}|{133;134;106;75;109;142;56;57;32}|{70;137;140;110;48;49;82;23;88;25;119;96}|{38;102;108;141;17;18;81;147;53;85;55;26;126;63}|{131;100;74;13;14;45;47;112;145;146;21;28;125;95}|{40;41;139;12;15;86;87;120;58;59}|{65;68;6;103;135;42;11;44;116;54;24;89;91;124;30}|{130;9;10;43;46;143;144;115;150;121;90;27;92;62;64}|{99;7;8;138;76;77;113;50;19;51;148;61;31}|{1;2;132;5;69;101;104;79;80;114;22;29;128}|{66;3;36;4;67;98;105;16;20;117;118;149;127}|{78;39}
cap100_n150_t180_ShLr_4.txt,6776,5446,21849,1847,1740,1740,1735.25,0.431935,0.0327392,0.72236,0.048105,{65;26}|{129;100;139;124;77;109;113;145;83;21;90;60;64}|{74;58;20;62}|{69;73;78;82;19;59}|{67;72;41;42;81;18;84;116;22;120;94;96}|{39;40;15;16;146;148;149;57}|{34;130;106;107;12;144;54;55;150;27;128}|{98;132;6;71;11;79;111;50;51;23;119;93}|{97;134;10;76;141;80;49;86;24;61;126;127}|{68;70;102;135;9;138;48;115;117;87;91;29;30}|{35;131;101;133;7;8;43;92;108;118;56;28;63;32}|{4;5;38;37;103;104;142;147;52;53;25;122;123;89}|{33;3;136;105;75;14;46;47;17;110;143;88;121;95;125;31}|{1;2;99;36;137;44;13;45;140;112;114;85}|{66}
cap100_n150_t180_ShLr_5.txt,6586,5176,21346,1955,1819,1819,1817.5,0.441288,0.0328743,0.109005,0.029772,{146;90;91;132}|{38;39;72;73;102;103;137;143;112;49;120;88;62}|{129;37;105;106;139;113;148;87;95}|{35;131;41;42;86}|{34;46;84;127;60;31}|{33;36;10;14;81;51;55;125;126}|{69;70;138;13;141;17;22;26;123;93;94;128}|{65;130;8;104;74;107;12;92;29;30;64}|{3;11;79;18;147;149;56;25;122;57;89;121}|{100;9;43;76;50;115;53;85;117;28;61}|{67;101;133;7;80;82;116;54;119;24;59}|{97;5;6;75;140;109;78;15;144;114;52;23;58;27;124}|{2;98;4;68;134;44;45;110;145;83;20;21;118;63;96}|{1;66;71;40;135;108;77;142;47;16;48;111;19;150;32}|{99;136}
cap100_n200_t200_LonLr_1.txt,68622,59736,214333,4697,4287,4287,4278.12,3.63514,0.379583,26.6255,0.419187,{170;116;118;158}|{168;176;81;80;189}|{167;169;115;52;54;126}|{161;162;77;47;49;83}|{38;42;75;138;78;127}|{33;41;79;95;160}|{129;132;70;39;104;73;166;171;44}|{34;35;133;72;76;174;177;128}|{40;88;63;30;159}|{200;28;173;142;112;180;124;32}|{163;36;91;178;119;154;27;94}|{97;98;130;131;18;55;23}|{100;101;108;188;179;53;22;24;156;157}|{165;103;136;106;50;19;21;150;185;62}|{195;196;74;113;145;20;87;25;125}|{69;198;71;187;10;17;182;151;155}|{99;102;43;15;16;82;147;148}|{137;110;14;143;51;117;60}|{65;193;67;194;5;37;13;120;121;90}|{12;109;46;172;146;84;153}|{9;11;140;141;48;86;92;61;191;192}|{1;68;164;134;199;8;111;181;57;29}|{66;7;107;144;149;183;184;89;26;59}|{197;6;45;85;152;123;93;190;64}|{2;3;4;105;56;58;31;96}|{186;135;139;175;114;122}
cap100_n200_t200_LonLr_2.txt,65475,57921,204605,5031,4697,4697,4675.97,3.80983,0.382833,58.1101,0.36251,{193}|{186;188}|{183}|{182}|{177}|{144;64;150;62;192}|{137;44;45;80;149;118;93}|{162;198;41;42;75;107;180;87;125;128}|{69;40;169;47;116;84;123}|{36;39;172;143;145}|{38;138;171;17;146}|{98;99;37;43;148;160}|{97;34;35;165;141;111;115;184;92;61}|{33;130;131;175;147;88;89;28}|{174;83;117;85;127;31;32}|{135;140;173;78;16;178;30;63}|{196;199;72;73;170;114;121;27;29}|{134;82;86;25;26;155;124}|{66;70;168;109;113;19;181;24}|{6;167;49;23;91;60;94}|{161;136;200;142;79;52;21;22;90}|{163;68;133;71;11;20;187;126;95}|{65;74;139;13;110;176;18;122}|{105;10;106;15;179;189;153;58;59;157}|{67;166;76;12;14;119;120;57;190}|{129;194;195;164;7;9;108;53;55;154;96}|{1;101;102;8;77;50;151;56;152}|{4;5;103;104;48;54;158;159}|{2;3;100;132;46;112;81;51;185;156;191}|{197}
cap100_n200_t200_LonLr_3.txt,57012,49483,178883,4674,4304,4304,4290.39,3.61826,0.340266,55.2035,0.347234,{161;197;115;56;120;89;58;188;158}|{132;114;150;57;156;61}|{82;67;55}|{113;52;53;128}|{43;112;49;119;192}|{193;68;39;40;76;173;191}|{162;131;37;103;136;107;175}|{36;186;200;41;106;105;142;151;154}|{33;34;163;102;166;104;137;148;123}|{171;176;83;84;29;31}|{170;172;77;27;92;32}|{35;71;75;144;149;184;26;187}|{99;195;72;111;143;146;185;24;25;63}|{66;169;108;15;50;178;23;121;90;125}|{70;141;48;147;20;22;182;91;190}|{129;168;138;80;18;179;21;85}|{196;135;44;78;79;17;177;19;118;155}|{130;74;14;16;180;117;88}|{13;86;54;87;153;28;157;126;127}|{65;9;139;12;45;181;152;95;96}|{97;165;7;11;93;30;160}|{164;198;8;10;174;47;81;116;122;64}|{4;133;38;6;134;73;199;109;110;189;62}|{98;3;5;69;101;140;145;51;183;124}|{1;2;194;100;167;42;46;94;159}|{59;60}
cap100_n200_t200_LonLr_4.txt,50827,43978,159342,4986,4517,4517,4506.67,3.18908,0.312335,10.6297,0.279494,{179;175}|{170;171}|{114;180;158;111}|{45;79;47;84;185;191}|{167;41;42;105;55;155;63;96}|{129;71;136;169;43;77}|{37;69;177;85;181;122;29;127}|{34;146;151;93;94;32}|{130;36;152;57;89;95}|{33;163;102;141;150;92}|{38;199;149;154;91;188;30}|{194;100;142;144;184;90;31}|{97;161;70;200;140;16;83;28;190}|{165;6;75;17;81;115;178;126}|{3;132;133;40;73;74;13;182;186}|{67;68;4;39;104;135;10;173;128}|{160;195;197;103;50;86;24;26;187;124;58}|{99;198;18;20;53;148;183;56;121}|{65;66;131;164;9;12;46;125}|{162;196;76;172;78;116;21;117;23}|{1;101;48;147;118;60;157}|{134;110;112;145;19;52;27;61}|{166;11;44;109;143;80;176;59}|{98;7;137;14;49;113;51;88;123}|{2;35;192;5;108;82;120;153;156;189;64}|{193;107;174;15;54;87;22;119;159}|{72;8;106;138;139;168;25;62}
cap100_n200_t200_LonLr_5.txt,58812,51122,183757,4867,4446,4446,4423.8,3.59518,0.355162,734.324,0.340258,{159}|{155}|{153}|{157;179;149}|{194;148;183}|{141}|{102;60;140;62}|{97;98;48;146;150;186;189;190}|{129;161;42;43;110;174;61}|{100;132;166;40;137;52;96}|{39;47;152;91;95}|{37;70;171;108;45;81;178;127}|{33;35;68;164;176;82;116;126}|{167;76;119;185;90;125;32}|{80;115;181;118;58;187;31}|{67;105;142;175;177;121;28;30;64}|{72;109;78;147;22;27;156}|{162;99;123;14;26;59;63;160}|{165;71;106;107;24;56;25;158}|{131;134;79;21;23;57}|{170;173;19;20;86;122}|{195;197;75;16;112;18;51;144;120;54;88}|{193;36;133;7;17;50;114;85;182}|{101;198;104;168;74;139;12;46;15;151;191}|{73;10;169;172;13;83;117;55;128}|{66;163;196;69;103;135;9;200;11;44;124;192}|{65;34;130;38;6;8;136;92;93}|{2;5;199;77;111;143;113;145;84;53;87;184;188;29}|{1;3;4;41;138;49;89;154;94}|{180}
cap100_n200_t200_ShLr_1.txt,12901,10361,41555,2511,2332,2332,2327.52,0.641698,0.0685916,1.47068,0.075135,{196;37;38;133;78;174;49;146;149;181;124;158}|{65;67;36;84;120;88;121}|{35;75;117;62;64}|{34;105;171;109;46;173;52;185;191}|{194;69;104;169;106;170;25;27;61;192}|{129;123;167;74;139;115;20;147;22;90;59;157}|{97;164;165;198;200;42;77;48;17;16;114;85;118}|{163;134;15;112;143;50;19;178;55;119;89;184;91;31}|{161;7;14;175;113;86;183;26;92;94;58}|{132;197;71;72;43;140;13;110;116;87;24;154;160}|{103;40;136;10;11;76;138;176;177;54;23;156;29;128}|{195;102;135;166;9;108;144;18;57;28;126}|{66;98;100;6;39;8;41;141;142;79;179;180;153;122;155;60}|{33;2;68;5;47;83;151;96;152;189;190;95;32}|{193;130;162;4;101;70;12;111;51;148;53;188;30;159}|{1;3;99;131;107;44;45;80;81;125;21;93}|{199;168;73;137;172;145;82;150;182;56;63;186;187;127}
cap100_n200_t200_ShLr_2.txt,13253,11102,42319,2557,2353,2353,2348.89,1.59253,0.0674412,0.765126,0.0706005,{126;120}|{119;184}|{136;41;137;117;151;155;160}|{40;173;175;112;49;53;150;153;186;28;29}|{133;38;91;168;200;110;142;48;179;87;58;27;157;31}|{90;34;122;36;195;106;139;174;84;86;118;26}|{39;107;80;81;125;19;116;148;149;23;24;182;93}|{68;134;167;108;172;79;21;22;57;187;61;95}|{130;194;132;164;166;197;72;104;74;15;17;56;185}|{33;103;105;13;14;77;177;146;83;20;54;183;152;188;62;128}|{66;98;70;102;9;10;171;144;113;114;51;52;147;189;190;159}|{131;100;37;196;7;8;135;78;82;180;154;60;158;63;96}|{65;193;165;6;71;198;138;170;45;141;47;16;111;50;88;25;92}|{192;3;35;69;5;199;169;75;109;143;176;85;156;94;32}|{97;2;67;4;99;129;163;73;44;140;46;18;178;181;55;124;30}|{1;161;162;101;123;42;11;12;43;76;145;115;89;59;191;64}|{121;127}
cap100_n200_t200_ShLr_3.txt,13113,10408,42254,2506,2268,2268,2264.8,0.853267,0.0714095,1.05952,0.0783863,{134;123;155;167;139;112;145;185;186;91}|{97;87}|{162;163;135;138;108;188;111;81;83;179;119;156}|{100;107;79;113;82;121}|{99;110;78;114;84}|{106;109;71}|{193;101;77;51;53;90;191}|{67;133;39;105;42;74;19;184;25}|{129;200;41;75;141;174;17;18;49;150;183;92;61;31;160}|{130;68;197;198;40;168;169;142;47;15;16;80;151;93;128}|{161;35;5;69;137;43;14;175;177;147;20;55;127;60;29;126;95}|{65;66;131;164;7;103;104;136;13;144;178;115;182;28;157;32}|{195;132;37;102;72;11;44;12;76;143;171;117;54;152;192}|{165;38;70;166;9;10;73;199;48;189;52;180;58;27;125;30}|{2;34;36;154;8;173;181;22;88;56;57;118;187;153;96}|{4;6;140;148;23;24;158;159;33;45;46;176;63;64;194;196;94;98;122;124}|{1;3;170;172;50;146;116;21;85;86;120;149;26;59;190;62}|{89}
cap100_n200_t200_ShLr_4.txt,16837,13917,53645,2338,2205,2205,2195.46,1.17146,0.0814083,15.4056,0.0940683,{66;99;36;165;195;141;46;79;143;17;50;19;120;89;122;187;157}|{161;103;8;137;18;86;152;25;188;94;185}|{196;134;167;104;169;198;110;16;51;52;85;91;61;127}|{4;138;15;144;29;34;164;42;44;174;55;183;57;193;72;90;92;111;125}|{162;192;68;69;133;13;14;109;48;49;80;24;121;26;189;95;160}|{65;97;131;5;39;40;12;172;175;117;59;124;96}|{101;38;102;168;199;11;140;142;47;177;83;182;87;119;153;60;126;63}|{129;2;98;130;37;70;154;166;10;75;106;146;53;22;23;181;58;184}|{35;135;9;43;139;112;81;82;176;20;21;116;148;56;178;156;158}|{71;7;41;73;108;191;113;180;150;151;123;93;31;32}|{194;197;6;74;107;170;171;78;145;149;54;118;28;128;30;64}|{1;33;3;67;132;163;136;76;45;77;114;115;27;62;159}|{100;200;105;173;147;84;179;88;186;155;190}
cap100_n200_t200_ShLr_5.txt,14345,11837,45801,2418,2243,2243,2236.4,0.929408,0.0713711,3.01141,0.083142,{177;99;100;176}|{69;103;40;43;173;80;113;82;57;124;192}|{38;104;45;174;114;95;160}|{105;106;181;158;88;89;187;30;159}|{34;130;163;101;138;142;81;84;183;28;190}|{90;193;131;123;75;188;47;51;121;26;59;60;157;31}|{194;67;70;102;107;179;85;182;25;154;156;32}|{161;134;168;139;78;14;79;17;146;55;56;122;125}|{65;35;36;68;10;170;108;13;180;150;151;186;91;93;127}|{2;5;135;199;12;141;172;48;178;148;94;117;23;120;29;62}|{33;66;195;166;136;137;42;11;15;111;112;87;184;155;61;126}|{129;7;9;143;21;22;153;167;41;169;44;53;54;64;77;83;109;110;128}|{133;6;39;8;71;72;165;140;197;46;16;52;116;119;24;152;191;185}|{3;4;132;198;200;73;171;175;50;19;147;149;86;118;27;92}|{1;162;164;37;196;74;76;144;49;18;115;20;145;58;189;63;96}|{97;98}
cap100_n200_t240_LonLr_1.txt,52441,45859,164019,4847,4488,4488,4476.44,2.9223,0.293508,91.0223,0.378218,{194}|{69;104;78;187;60;191}|{48;49;86;182;89;185}|{33;65;174;47;177}|{35;114;147;118;158;32}|{108;44;110;173;175;126;28;62}|{164;37;167;84;181;90;27}|{122;154;38;135;82;87;184;26;189}|{34;162;163;111;81;85;25}|{97;98;139;52;21;183;24;57;125}|{129;134;76;77;180;22;23;151}|{71;72;200;107;112;18;19;157;160}|{165;39;15;80;117;156;64}|{161;36;9;42;73;138;109;14;79;113;148;123}|{68;101;198;13;150;120;153;58;30;192}|{166;136;171;12;141;46;53;94;95}|{40;106;11;176;146;149;54;119;121;93}|{130;168;137;10;50;83;20;116;186;63}|{131;8;155;159;124;188;61;88;59;92;29;31}|{99;196;6;7;105;75;45;144;145;51;179}|{66;195;100;5;70;102;197;169;43;143;16;115;152;128}|{3;4;103;199;140;172;142;178;55;56;96}|{1;2;67;132;133;41;74;170;17;91;190;127}|{193}
cap100_n200_t240_LonLr_2.txt,47600,40474,150562,4596,4219,4219,4201.1,2.85821,0.252389,499.888,0.343492,{198;40;109;77;51;117;89}|{43;197;39}|{162;35;164;118;119;32}|{97;193;165;136;170;139;49;123;124;94;31}|{66;194;100;38;30;120;152;154;62;96}|{61;180;150;182;153;91;29;95}|{161;98;67;101;72;105;145;26;28;126}|{130;135;149;23;185;186;27;92;93}|{68;71;173;143;147;24;25;190}|{163;168;111;16;50;83;116;148;22;88;188}|{129;200;41;171;140;45;14;80;81;21;151;121}|{102;70;142;174;112;144;19;20;179;54;192}|{65;103;141;17;18;87;183;58;189;64}|{195;5;137;76;46;47;15;79;113;114;115;176;159}|{131;69;7;167;169;138;44;13;53;86;184;90}|{134;166;8;74;75;12;108;157;187;60;125;63}|{34;196;9;73;11;42;106;110;177;82;156;191;160}|{1;36;133;104;10;107;172;52;55;158}|{33;2;132;6;175;48;178;128}|{3;4;37;199;78;85;59}|{99;146;84;181;56;57;122;155;127}
cap100_n200_t240_LonLr_3.txt,37258,32431,116882,4864,4513,4513,4501.33,2.39449,0.215206,7.84002,0.232325,{163;164;109;111;59;64}|{161;195;177;58;62}|{50;83;53;85;188;158;192}|{72;105;107;139;49;154;60}|{157;48}|{178;150;47}|{37;40;106;108;142;182;155;127}|{33;35;101;103;149;189;159}|{65;99;166;170;116;148;86;27;32}|{28;112;115;153;26;92;95;160}|{69;39;137;138;181;87;25;190}|{100;134;71;135;76;51;180;22;24}|{129;132;74;173;46;175;52;20;23;93}|{194;198;141;145;19;55;91;94;63}|{186;79;17;18;117;88;122;156;61;191}|{67;196;38;70;168;44;13;140;16;113;118;187}|{36;200;42;172;14;15;143;151;120;185;90;96}|{34;9;73;43;12;77;171;114;146;179;119}|{131;165;11;110;78;81;184;29;128}|{97;193;8;136;10;80;56;57;152;89;121}|{1;130;197;102;7;167;82;84;126;183;30;31}|{98;162;68;5;6;133;41;176;147;54;124}|{2;3;4;66;199;104;169;75;45;144;21;123;125}|{174}
cap100_n200_t240_LonLr_4.txt,38736,33326,121488,4837,4524,4524,4514.4,2.54614,0.226751,6.75092,0.198593,{130;165;51;147;85;54;121}|{166;73;116;52;118;56;153}|{65;50;82;119;92}|{66;44;46;113;125}|{41;42;109;110;175;176}|{38;40;170;76;111;144;84;59}|{35;36;164;72;107;108;159}|{160;34;106;117;182;156;32;63;64}|{102;104;173;148;149;180;28;190}|{195;103;143;48;146;115;26;29;58}|{101;37;168;141;178;21;22}|{99;167;105;140;20;24;184}|{163;135;137;16;19;185;90}|{197;134;199;174;145;18;179;23;87;89}|{129;161;193;100;14;79;17;83;120;189}|{200;15;62;150;152;57;191;94;127;128}|{68;69;39;11;13;142;95;187;188;157;126;31}|{6;123;155;74;12;78;112;49;154;27;60}|{162;133;9;10;171;47;86;61;96}|{67;132;196;7;8;136;80;183;88;192}|{33;98;3;5;198;71;138;139;172;45;81;181}|{97;2;131;4;70;169;77;177;114;53;91;30}|{1;43;75;55;25;93}|{122;194;151;186;124;158}
cap100_n200_t240_LonLr_5.txt,34090,29803,106751,4846,4381,4381,4367.89,2.16364,0.197195,23.5481,0.190188,{47;192}|{189;46}|{193;170;45;142;147;149;56;120;91;96}|{196;165;198;41;105;43;76;145;150;87}|{130;132;40;57;188}|{37;70;38;114;84;187;93}|{66;34;68;109;119;153;95;160}|{69;72;136;118;184;186;30;31}|{35;106;112;81;83;182;185;28;126}|{65;71;139;19;115;117;151;24;183}|{59;133;110;79;176;178;21;90;27;61;158;128}|{39;104;108;174;175;82;20;55}|{194;67;163;195;140;111;144;17;18;51;89}|{137;138;13;173;16;177;50;85;92;64}|{164;74;42;107;77;15;143;113;23;156}|{100;102;135;167;169;199;200;12;141;14;58}|{97;101;8;11;179;53;154;60;157}|{2;134;10;172;116;148;54;88;121;191;63;32}|{129;197;9;75;78;180;25;26;155;127}|{33;131;6;7;103;73;171;94;22;152;62;159}|{36;4;5;166;168;125;124;29;190}|{1;161;3;99;162;44;80;146;52;181;122;123}|{49;98;86;48}
cap100_n200_t240_ShLr_1.txt,12868,10497,41400,2555,2394,2394,2386.8,1.01094,0.0650547,1.12029,0.0693791,{68;166;71;168;106;141;112;83;84;148;119;159}|{131;135;104;109;120;59}|{97;47;114;122;60;189;62;96}|{98;197;39;41;73;105;77;55;186;94;192}|{33;34;137;140;93;48;113;116;117;185;187;61}|{161;66;162;194;72;42;44;173;16;145;18;176;150;91;188}|{90;35;92;108;13;110;143;144;17;147;181;56;153;58;28;191}|{65;36;134;7;136;199;43;12;19;20;179;180;88;64;32}|{130;132;196;38;102;167;10;11;76;107;171;81;85;149;31;155;63}|{129;195;37;70;165;9;15;177;53;23;87;57;158;127}|{4;69;133;164;8;75;139;174;111;50;115;178;54;86;25;157;30}|{3;6;14;154;26;27;156;172;46;175;51;182;190;74;78;89;100;101;121;126;128}|{193;2;99;5;198;169;138;170;49;82;125;52;151;24;123;29;95}|{1;163;103;40;200;45;142;79;80;146;21;22;118;152;183;184;124;160}|{67}
cap100_n200_t240_ShLr_2.txt,9219,7326,29960,2479,2322,2322,2311.68,0.751673,0.044944,0.53187,0.0540681,{114}|{189;112}|{122;165;168;108;109;141;190;24;26;123;30}|{99;36;68;163;164;104;80;18;19;52;53;121;188;125}|{70;105;106;140;17;50;83;20;84;54;185;91;159;160}|{97;98;132;198;199;15;49;81;145;116;146;22;182;183;57;126}|{194;3;4;37;102;42;74;75;138;14;170;144;176;115;149;86;62;63}|{134;9;13;143;25;155;158;35;38;172;45;180;58;60;193;82;87;89;113;120}|{130;135;12;23;154;28;157;166;39;41;46;175;179;187;66;69;78;90;93;110}|{136;10;11;150;151;161;162;40;47;177;181;55;196;197;72;73;85;88;103;107;128}|{129;6;8;137;148;21;152;27;31;167;43;174;184;186;59;61;77;92;96;117;119}|{2;34;67;100;131;7;71;169;192;171;195;142;51;56;153;127;95;32}|{1;33;65;5;101;200;44;76;173;79;16;48;178;118;29;94;191;64}|{133;139;156;111;147;124}
cap100_n200_t240_ShLr_3.txt,12256,10001,39336,2650,2471,2471,2463.68,0.755232,0.0611389,1.58844,0.0779312,{155;74;59;61;126}|{194;166;168;174;146;56;119;120;57;154;184}|{69;38;198;72;44;141;147;118}|{130;196;200;43;140;45;110;173;177;115;152;29;158;31}|{163;164;101;70;103;195;197;139;76;142;17;18;86;55;89}|{161;160;35;36;136;13;15;112;176;121;64}|{97;98;165;9;106;188;175;80;82;114;54;151;190;28;30;128}|{8;138;77;111;143;52;27;62;192}|{132;7;148;21;150;26;37;48;50;182;183;65;66;78;85;91;92;95;113;122}|{129;100;6;39;40;75;108;79;178;53;23;24;185;123;157;159;96}|{193;4;5;73;137;109;46;16;81;145;19;180;117;181;88;58}|{3;134;135;11;14;25;156;33;162;41;172;47;179;63;191;71;199;83;84;93;99;107;116}|{2;34;102;167;10;171;12;51;87;90;60;189;32}|{1;133;144;20;22;153;169;42;170;49;186;187;67;68;94;104;105;125;127}|{131;124;149}
cap100_n200_t240_ShLr_4.txt,9175,7174,29949,2514,2345,2345,2339.64,0.630862,0.0463641,0.580079,0.0534525,{97;99}|{162;200;158;155;189;94;191}|{98;68;39;104;41;187;108;45;48;19;53;149;184;27;93;32}|{34;42;139;145;18;181;24;25;91;190}|{164;196;72;171;78;17;20;182;154;156;126;31}|{122;194;100;102;71;199;11;140;77;16;146;180;26;125;64}|{131;186;103;123;12;15;144;179;148;89;90;59;63}|{65;14;177;83;84;22;151;152;121;58;183;29;127}|{133;124;13;141;173;85;118;87;56;185;60}|{161;3;132;69;40;105;10;43;75;109;138;174;117;86;55;92;160}|{129;130;8;9;21;23;157;159;38;172;175;50;52;198;74;76;101;115;116}|{2;37;197;7;135;73;137;107;170;110;79;176;49;54;150;128}|{66;195;36;70;6;167;169;106;47;178;147;120;119;88}|{33;193;5;134;165;166;44;143;80;81;113;114;61;62}|{1;35;4;67;46;188;82;51;57;28;30;95;192}|{163;136;168;142;111;112;153;96}
cap100_n200_t240_ShLr_5.txt,9170,7105,29880,2510,2327,2327,2318.78,0.623062,0.04742,1.89983,0.0807738,{}|{89}|{98;101;87;122}|{86}|{85}|{17;25;84}|{100;104;16;81;82;147;149;55;121;124}|{34;170;141;142;15;79;49;177;19;54;31}|{137;12;13;143;151;32;35;164;174;175;50;52;63;65;196;199;200;77;118;119;126}|{66;169;138;11;44;171;48;113;83;116;58;91;28;29;191;192}|{7;10;139;148;24;152;154;27;38;172;47;180;57;186;195;198;71;73;111;115;127}|{97;161;194;68;4;102;135;72;9;136;46;80;112;183;185;159;96}|{132;133;8;18;146;153;158;33;163;37;167;182;56;188;61;74;88;110;117}|{129;162;131;36;69;6;168;106;43;108;21;53;23;181;60;189;190;160}|{2;5;134;140;20;22;155;156;45;178;179;187;67;70;90;95;103;120;123}|{3;166;41;42;75;105;107;78;173;144;145;51;184;26;59;125}|{1;130;14;150;157;30;165;39;40;176;62;64;193;197;76;93;99;109;114;128}|{92;94}
cap100_n50_t50_LonSm_1.txt,11459,8307,36441,1004,892,892,879,0.498303,0.0423524,0.821356,0.0434115,{34;39}|{33;30;40}|{26;35;32}|{37;31}|{27;36;29}|{28;23}|{21;24}|{20;22}|{19;12}|{43;46;14;16;18}|{9;10;44;17}|{25;13;15}|{41;11;45;8}|{1;2;38;7;47;49}|{50;5;6;48}|{42;3;4}|{}
cap100_n50_t50_LonSm_2.txt,24801,19704,77041,1022,868,868,861.042,1.11924,0.0900002,2.03082,0.0732579,{}|{37;40}|{35;36;32}|{34;30;31}|{25;20;21}|{23;24}|{28;29;22}|{19;12;8}|{18;26}|{17;3;27;5}|{33;38;11;44;16}|{45;14;15;48;50}|{1;2;43;13;49}|{10;6;7}|{4;39;9;46;47}|{41;42}
cap100_n50_t50_LonSm_3.txt,17913,13858,57291,923,793,793,784.7,1.00837,0.0675271,2.43923,0.0636268,{36;37;39}|{33;31}|{41;35;30}|{46;49;19;21;28}|{25;27}|{26;22;23}|{12;16;24}|{18;20;50;42}|{17;13}|{34;9;11;45;15}|{10;14;32}|{1;2;8}|{5;38;6;7;43}|{3;4;44;48;29}|{47;40}
cap100_n50_t50_LonSm_4.txt,12961,8409,41090,986,870,870,860.821,0.618416,0.0450108,0.988912,0.0430624,{}|{45;46}|{43;44}|{34;30}|{33;29;32}|{25;28;31}|{42;27;24}|{40;12;18;50;23}|{17;14;22}|{19;20;21}|{10;36;47;16}|{41;11;15}|{2;5;13}|{35;38;39;8;9}|{4;37;6;7;26}|{1;3}|{49;48}
cap100_n50_t50_LonSm_5.txt,16304,11021,51518,1031,898,898,890.778,0.820148,0.060091,0.794319,0.0419486,{46;39;40}|{41;44;38}|{35;36;45}|{27;20}|{25;26;28}|{23;24}|{10;22;15}|{18;21;30}|{17;19;33}|{12;14;16}|{9;13;37}|{49;50;11;7}|{43;4;48;8}|{2;29;5;6}|{1;34;3;47}|{42;31;32}
cap100_n50_t50_ShSm_1.txt,6865,5207,22041,452,420,420,417.524,0.252022,0.0208757,0.58498,0.0748675,{39;49;19;21;30}|{35;41;42;45;14;15;17}|{38;40;12;13;47;27;29}|{10;11;44;43;23}|{36;37;8;9;50}|{3;5;7;24;25}|{4;6;22;26;31}|{1;2;16;28;32}|{33;34;46;48;18;20}
cap100_n50_t50_ShSm_2.txt,14312,11354,46289,495,451,451,445.59,0.823283,0.0482519,2.6644,0.0606325,{28;30}|{37;44;21;22;27}|{33;8;43;13;50;20}|{17;19;49;48}|{45;47;15;16;18}|{11;12;14}|{34;35;9;10;29}|{38;6;40;7;46;24}|{1;2;36;5;39}|{3;4;41;42;23;31}|{25;26;32}
cap100_n50_t50_ShSm_3.txt,8619,6181,28470,469,421,421,415.568,0.445228,0.0261667,1.8883,0.10579,{43;44;45;20;22;27}|{47;49;14;15}|{11;13;30;31;32}|{36;38;6;12;46;16;50}|{34;9;10;48;18;29}|{7;8;41;42;21;24;26}|{33;4;5;37;39;17}|{1;2;3;35;40;19;28}|{25;23}
cap100_n50_t50_ShSm_4.txt,15059,11662,47873,508,466,466,460.636,0.762895,0.0477598,1.44948,0.0593593,{}|{36;30;32}|{25;22;23}|{18;43;14;50}|{17;19;35;31}|{8;10;44;47;16}|{33;42;11;13;15;49}|{38;9;12;48;29}|{28;5;7}|{34;3;4;6;40;46;21;24}|{1;2;45;20;26;27}|{41;37;39}
cap100_n50_t50_ShSm_5.txt,3805,2659,12331,502,444,444,440.944,0.146211,0.0128207,0.41089,0.0242915,{33;34;20;21}|{17;28;37;15}|{12;16}|{36;39;40;9;13;14}|{11;38;30;8}|{7;10;45;47;50;22;31}|{35;5;6;42;43;48;23;24;25}|{3;4;41;44;26;27}|{1;2;46;49;29;32}|{18;19}
cap100_n50_t60_LonSm_1.txt,15923,12375,51007,993,857,857,847.754,0.749436,0.0554411,1.96062,0.0850956,{34;43;39}|{29;30;31}|{27;21}|{46;48;50;25;26;32}|{47;18;23;24}|{13;22;15}|{19;20}|{40;11;44;12;17}|{14;16}|{10;36;45;8}|{9;28;4;6}|{1;33;3;35;38;7}|{41;2;49;5}|{42;37}
cap100_n50_t60_LonSm_2.txt,14368,11142,45470,1100,959,959,949.167,0.69571,0.052078,0.578252,0.0507369,{}|{39;40}|{33;34}|{29;31}|{25;27;28;47}|{26;30}|{19;24}|{22;23}|{17;21}|{4;10;20}|{46;15;16;18;50}|{1;3;35;45;14}|{5;13;37;32}|{6;41;11;12;48;49}|{9;2;44;42}|{7;8}|{43;36;38}
cap100_n50_t60_LonSm_3.txt,14136,10648,45137,964,893,893,883.772,0.65369,0.0491009,1.30584,0.0585995,{42;36}|{27;29;39}|{35;48;50;26;28}|{25;30}|{23;24}|{45;15;49;18;22}|{20;21}|{41;19;37;14}|{17;11;44;13}|{10;3;32;16}|{12;8}|{34;5;6;9;46;31}|{33;4;38;7}|{1;2}|{43;47;40}
cap100_n50_t60_LonSm_4.txt,15944,11963,50277,972,846,846,841.186,0.779278,0.0549645,0.58078,0.0649045,{50;45;40}|{42;39}|{33;34;28}|{19;27}|{26;35;23}|{25;24}|{36;22;31}|{41;13;14;46;21}|{43;17;49;20;30}|{18;11;32}|{47;44;15;16}|{9;12;8}|{10;3;5;29}|{2;38;6;7;48}|{1;4;37}|{}
cap100_n50_t60_LonSm_5.txt,31460,23702,104427,1018,859,859,851.554,1.34381,0.111703,2.04459,0.0942514,{}|{41;43;40}|{25;36}|{42;35}|{33;34;31}|{22;23;32}|{44;45;19;20;30}|{26;27;29}|{18;28;24}|{12;21;14;37}|{13;16;17;50;49}|{11;6;15}|{9;10;4}|{2;7;8;47;48}|{1;3;5}|{46;38;39}
cap100_n50_t60_ShSm_1.txt,5256,3963,17100,526,484,484,476.85,0.371785,0.0157793,1.06953,0.0579493,{34;39;14;17;25}|{38;40;42;13;15;21;31}|{10;11;36;32}|{33;8;9;47;49;28}|{35;37;6;7;16;22;27}|{2;3;5;43;48;50;23;24;26}|{1;4;12;44;45;18;29}|{41;46;19;20;30}
cap100_n50_t60_ShSm_2.txt,5748,4398,18673,470,423,423,417.25,0.436933,0.0172646,0.734835,0.0544033,{36;41;17;19;31}|{45;46;16;18;20;27}|{34;38;13;14;15;47;23}|{37;11;12;49;50;25;26;28}|{33;7;8;40;10;44;48;21}|{9;3;30;32}|{35;5;6;39;29}|{1;2;4;42;43;22;24}
cap100_n50_t60_ShSm_3.txt,6183,4391,20383,420,398,398,394.905,0.312026,0.0185351,0.917965,0.0735574,{50;39;40}|{34;35;36}|{33;12;13;15;30;31}|{9;11;21;24}|{5;37;38;8;10;43;46;49;18;22;26}|{27;20;6;7}|{3;4;45;47;16;48;23;25;28}|{1;2;14;17;19;29;32}|{41;42;44}
cap100_n50_t60_ShSm_4.txt,4772,3324,15768,485,449,449,444.613,0.237784,0.0146515,0.642701,0.0447114,{36;41;44;17;18;22}|{33;15;16;29;30}|{12;14;46;47;24;27;28}|{34;39;40;10;11;13;48;20;23;26}|{9;42;43;8}|{1;7;45;19;31;32}|{2;5;38;6;37}|{3;4}|{35;49;50;21;25}
cap100_n50_t60_ShSm_5.txt,5903,4235,19495,471,432,432,428.275,0.291938,0.0181327,0.756033,0.0523047,{41;26;49;22}|{44;43;20;21}|{42;45;47;17;19;31}|{40;11;12;16;48;50;29;30}|{33;34;9;10;27}|{35;38;7;8;14}|{1;2;6;18;25;32}|{3;4;5;37;13;46;15;28}|{39;36;23;24}
cap100_n100_t100_LonSm_1.txt,151837,130442,474961,1833,1695,1686,1670.83,7.44487,0.632025,1800.07,1.03262,{100;36;42;44;84}|{99;40;43;46;91;93}|{41;50;76;72}|{97;35;38;90;96}|{33;34;67;39;74}|{65;75;87;26;30;31}|{47;81;82;86;27;28;29}|{70;73;12;13;78;25}|{66;37;54;22;24}|{68;69;79;16;23}|{17;98;21;95}|{45;80;18;51;20;83;89}|{11;15;48;19;52;57}|{4;9;77;14;88;59;94;32}|{6;8;10;58;92;62;63}|{71;3;60;7}|{1;2;5;49;61;64}|{53;85;55;56}
cap100_n100_t100_LonSm_2.txt,99563,83156,315094,1840,1658,1658,1639.03,4.96057,0.449155,1775.23,0.762519,{57;59}|{61;55;56}|{41;43;44;87;89;93}|{97;100;42;45;46;90}|{99;68;37;38;86}|{33;36;40;74;94}|{66;85;28;29;31;96}|{34;91;50;54;27;92;30;95}|{67;71;19;88;25;26}|{98;77;79;49;20;84;24;58}|{35;70;15;16;23}|{21;22;63;64}|{65;76;80;17;18}|{11;60;14;39}|{5;6;72;13;62;32}|{69;9;10;73;12;47}|{3;7;8;75;82;51;52;83}|{1;2;4;48;53}|{81;78}
cap100_n100_t100_LonSm_3.txt,71198,59579,224557,1909,1693,1693,1673.48,4.41987,0.316077,1574.16,0.516774,{57;53}|{52;54}|{93;51;56;61;96}|{42;45;50;86;90}|{35;71;39;40;77;88}|{99;43;47;26;27;94}|{38;8;13;81;83;25;58;59}|{82;76;20;24}|{74;19;85;55;23}|{33;65;98;69;41;12;14;79;22}|{67;70;18;21;28;64}|{66;37;6;10;46;17}|{44;15;48;49;16;84;91}|{9;11;92;89;60;62;63}|{97;68;5;100;7;87;32}|{2;4;31;34}|{1;3;36;78;80;29;30;95}|{73;75;72}
cap100_n100_t100_LonSm_4.txt,98449,82200,312626,1858,1686,1671,1661.37,5.711,0.424649,1800.06,0.610514,{57;53}|{80;54;87;55;56;95}|{66;38;72;41;75}|{67;36;37;71}|{81;35;60;31}|{34;39;93;90;29}|{33;83;86;27;28}|{73;51;22;26;62;32}|{18;19;68;63}|{65;17;50;24;89;30}|{77;16;82;20;21;91}|{99;100;40;74;13;14;15;85;61}|{10;11;12;44;52;88;96;64}|{5;6;69;70;9;43;84}|{7;8;42;46;79;94}|{3;4;45;48;49}|{1;2;76;78;47;23;25;92}|{97;58;59;98}
cap100_n100_t100_LonSm_5.txt,50142,41281,159609,1971,1709,1709,1691.4,2.81827,0.229718,480.147,0.291851,{92;45;38;96}|{34;68;36;43;83}|{33;66;35;100;37;79;53}|{71;74;78;51;55;26;28;32}|{65;87;88;30;31}|{57;27;29;72}|{97;48;86;23;24;25;89}|{99;81;20;21;22;58;60}|{73;18;19;52}|{98;11;44;13;47;17;90;61;62;95}|{75;12;16;50;54;94}|{14;15;91;63;64}|{6;8;10;77;80}|{69;7;9;42;76;49;84}|{1;2;67;5;70;56}|{3;4;39;46;82;85;59;93}|{41;40}
cap100_n100_t100_ShSm_1.txt,19252,14170,63317,939,841,841,829.439,1.84277,0.0695159,232.007,0.166459,{97;99;38;40;73;48;23;24;60;61}|{65;98;67;76;14;15;81;82;22}|{70;39;44;79;50;83;20;21;52;87;58;27}|{16;19;84;88;59;63}|{66;9;41;11;74;77;47;18;51;90;93;95;32}|{35;69;42;43;13;45;78;17;62;85;30;64}|{2;3;34;37;68;71;72;100;12;46;49;54;86;26;96}|{7;10;75;80;56;57;29}|{1;33;36;4;8;53;55;89;94}|{5;6;92;25;91;28;31}
cap100_n100_t100_ShSm_2.txt,17452,12644,57243,906,815,815,806.219,1.05585,0.0622561,72.0738,0.140158,{90;91;99}|{72;46;51;86;89;61;62}|{43;84;45;85}|{66;67;78;48;49;81;23;56;26;59;29}|{35;37;41;80;18;19;20;82;55}|{36;39;11;13;15;87;58;60;94;64}|{6;42;74;12;75;14;16;25;31;32}|{65;68;9;10;47;50;83;21;22;54;88;92;63}|{33;34;38;7;8;71;77;52;53;57;93}|{1;98;4;5;40;73;44;76;79;17;24;95}|{2;3;69;70;27;28;30}|{97;100;96}
cap100_n100_t100_ShSm_3.txt,21430,15924,70246,946,872,872,862.102,1.18355,0.0837245,305.695,0.158819,{82;79}|{33;76;83;84;31}|{98;68;73;49;50;64;53;87;30;96;32}|{74;75;45;46;47;16;18}|{66;35;69;40;13;15;89;91}|{36;37;70;39;14;19;20;55;58;60}|{65;34;8;41;12;21;86;61}|{97;38;7;10;11;44;77;78;92;52;57;28}|{2;5;72;9;42;43;17;51;94;95;26;27;62;63}|{4;6;48;81;93;54;56;24;25;90;59;29}|{1;3;67;99;100;71;22;23}|{85;88;80}
cap100_n100_t100_ShSm_4.txt,22245,16809,72379,919,835,835,826.4,1.16042,0.0849981,39.2995,0.146502,{89;91;30;32}|{36;84;53;86;57;58;27;28}|{33;70;72;76;47;93;52;56;26;29}|{73;74;44;45;78;21;22;25}|{71;85;14;15}|{97;34;39;13;18;87;63;64}|{66;11;12;17;81;88;61;62;96}|{35;40;9;10;43;77;79;51;54;90;60}|{100;37;7;8;41;80;82;83;55;59;31}|{65;67;4;5;6;38;75;46;16;49;23}|{1;2;3;68;69;98;99;42;48;50;19;20;24;95}|{92;94}
cap100_n100_t100_ShSm_5.txt,14397,11489,46068,990,914,914,904.62,0.933706,0.0531271,33.5086,0.0867634,{36;22;23;24;60;62}|{33;35;37;76;82;20;21;55;57;94}|{66;41;78;17;50;19;52;83;90;29;30;31}|{75;77;14;16;80;18;53;54}|{65;40;44;13;15;84;86;56;91;32}|{67;5;12;47;48;87;92;64}|{97;99;100;69;73;10;11;45;46}|{59;6;39;7;9;42;70;81;88;27;61;96}|{2;3;34;38;8;72;79;49;95;25;58;89;93;63}|{1;4;68;43;51;26;28}|{74;85;71;98}
cap100_n100_t120_LonSm_1.txt,62117,50509,197292,1849,1642,1628,1612.82,3.30017,0.251068,1800.03,0.493746,{42;62;46}|{33;98;70;74;77;94;32}|{35;75;79;54;88;30;31}|{72;83;56;26;27}|{73;89;50;19;52;25;28;95;64}|{41;82;20;22;55;24}|{47;59;21;23}|{10;12;44;80;18;51;91;63}|{67;99;40;78;16;17;49;53;90;92}|{97;100;38;39;9;43;13;15;96}|{1;2;37;71;14;85;58;60;29}|{34;36;8;11;76;81}|{65;5;7;93;84;87;57;61}|{3;4;6;45;48}|{66;68;69;86}
cap100_n100_t120_LonSm_2.txt,40872,34250,128064,1978,1728,1728,1708.23,2.26495,0.17412,301.503,0.265682,{65;99;100;77;91;63}|{97;50;51;87}|{52;45}|{66;59;37;39}|{33;70;78;61;54;27;29}|{42;49;20;21;85;89;92}|{98;36;48;17;19;84;60}|{69;75;44;18;23;58;28}|{35;68;43;14;79;16;80;56}|{13;15;53;22;57;95;96}|{71;40;9;11;12;46;88;64;32}|{67;8;10;82;55;25}|{90;4;6;7;47;83;62;86;24;26;30}|{2;5;38;34}|{1;3;73;41;81;93;31}|{74;76;94;72}
cap100_n100_t120_LonSm_3.txt,51549,43020,162915,1855,1639,1639,1619.29,3.37671,0.209354,1055.35,0.371196,{97;99;51;53;54;88}|{73;75;49;81;55}|{76;32;30;95;64}|{100;74;46;87;27;28}|{98;37;69;10;13;80;50;23;96}|{67;77;78;20;22;26;59;58}|{71;61;17;82;21;85;56;29;94}|{19;36;45;16}|{66;42;15;18;57}|{33;2;3;41;14;91;92;93;31}|{38;11;12;47;48;86;90}|{4;70;8;9;72;43;44}|{35;5;39;7;83;52;84;89}|{1;34;65;68;6;40;79;24;25}|{60;62;63}
cap100_n100_t120_LonSm_4.txt,47709,38785,152252,1934,1708,1708,1690.46,2.56887,0.203585,371.249,0.32938,{73;77}|{38;39;40}|{66;35;37;70;95}|{97;34;99;36;52;56}|{65;80;81;31;32}|{98;30;86;26;27;61;62}|{28;89;57;90;91;60;29}|{68;100;47;83;20;21;22;85}|{67;71;9;19;51;25}|{69;41;43;75;14;15;79;18;59;92}|{17;84;54;23;88;64}|{74;11;16;49;58}|{33;6;12;13;93;94;63}|{7;8;10;42;78;53}|{2;4;5;45;50;82;55;87;96}|{1;3;44;46;48;24}|{76;72}
cap100_n100_t120_LonSm_5.txt,38732,30838,123500,2041,1777,1777,1755.88,2.18567,0.165717,256.567,0.221616,{76;84}|{69;39;72;40;44;87}|{35;38;81;83;85}|{82;36;37;86}|{33;34;55;74}|{47;48;79;80;54;23;24;27}|{90;19;20;94;56;26;91;62}|{73;77;78;25;32}|{70;71;16;21;22}|{68;17;18;50;89;92;93}|{9;15;51;52;88;58;28;29;95}|{65;98;67;100;43;12;13;14;45;64}|{57;10;11;59}|{99;4;7;8;75;49;53}|{1;2;66;6;42;46;63;31}|{3;5;41;60;61;30}|{97;96}
cap100_n100_t120_ShSm_1.txt,15884,11283,52923,941,859,859,849.58,1.35198,0.0599561,17.6006,0.10681,{98;85;87;89;26;27;92}|{68;39;42;75;79;80;50;53;25;91;28;29;96}|{65;66;36;38;71;18;19;52;55}|{67;69;12;14;15;64;32}|{97;35;70;73;44;13;46;76;16;84;95;56;58;94;31}|{33;99;100;6;8;41;72;11;74;45;77;49;62;86;57;30}|{37;7;9;10;43;48;51;21;61;63}|{3;4;5;78;83;20;88;59;60}|{1;2;81;17;82;90;93}|{34;40;47;22;23;24;54}
cap100_n100_t120_ShSm_2.txt,11397,8373,37494,951,857,857,847.881,0.464572,0.0419335,8.40351,0.090466,{68;70}|{66;99;100;78;81;83;94;64}|{35;67;41;42;75;49;82;53;86;93;32}|{65;34;39;29;63}|{71;11;12;19;84;85;59;60;30}|{40;10;45;79;16;80;23;57;92;95}|{37;8;9;43;47;21;22;56;25;58;62}|{98;6;7;14;20;52;55;24;26;96}|{97;4;5;36;38;91;76;77;48;17;18;50;54;89;90;27}|{1;2;3;33;72;44;13;46;15;51;87;88;28;61;31}|{73;74;69}
cap100_n100_t120_ShSm_3.txt,9319,6683,30821,960,878,878,870.791,0.863508,0.0344868,5.82173,0.061307,{66;34;37;62;63}|{97;36;71;40;74;56;96;64}|{70;14;15;47;80;50;19;24;58;92;94;31}|{35;67;69;38;72;11;13;88;93;32}|{33;99;68;39;8;10;12;44;81;83;52;84;22;55;27}|{100;6;9;42;73;16;51;21;86;87;57;91;60;30}|{90;4;5;7;41;43;76;78;61;17;18;82;20;54;89;26;29}|{1;2;3;98;75;45;46;79;85;23;25;59;28;95}|{65;77;48;49;53}
cap100_n100_t120_ShSm_4.txt,15419,11854,50209,948,882,882,871.706,0.809833,0.0536587,47.2281,0.102903,{71;73;42;26;27;28}|{66;35;67;46;17;50;19;51;81;83;55;87;25}|{99;100;70;77;48;49;20;24}|{34;72;11;44;13;78;82;54;88;60;94;31}|{97;5;6;37;12;45;47;79;22;56;59;96;32}|{33;98;68;69;38;7;10;43;16;92;93}|{36;39;8;9;57;90;91;61}|{65;3;4;40;41;15;84;85;29;30;63;64}|{1;2;76;14;80;18;52;53;86;89;58;62;95}|{74;75;21;23}
cap100_n100_t120_ShSm_5.txt,8671,6542,28317,1032,952,952,940.368,0.477833,0.0311625,11.1705,0.140575,{43;44;48;18;22;91;96}|{41;42;15;17;88;58;92;93}|{39;40;14;16;19;84;86;55}|{37;71;72;12;13;83;53;90;60;32}|{66;69;10;11;75;45;77;85;56;27;31}|{97;68;38;7;9;73;46;80;21;23;57;59;89;30;95}|{34;67;36;5;6;8;76;81;52;54;24;26;63}|{3;4;50;51;20}|{1;2;33;65;98;100;74;47;49;82;87;29;64}|{35;99;70;78;79;94;25;28;61;62}
cap100_n150_t150_LonSm_1.txt,125450,104715,396887,2754,2488,2464,2452.89,6.15172,0.581842,1800.09,1.05979,{123;139;108;115;148;55;59}|{75;92;53;54}|{46;47}|{42;43;45;142;145;86;126;94;95}|{41;44;78;80;147;52;149}|{97;66;37;38;137;118}|{34;35;103;138;77;113;83;125;32}|{33;98;72;140;141;57;60;29;31}|{69;135;136;48;21;22;87;25;89}|{102;134;40;143;50;150;24;26;91;62;96}|{112;81;144;84;20;117;23;88}|{18;19;120;121;124}|{67;133;111;16;17;85;122}|{129;132;74;76;13;15;82;114}|{65;131;36;68;101;9;107;12;14;63;128}|{100;7;105;10;11;79;49;146;51;119;56;93}|{130;5;71;8;73;106;110;28}|{2;3;27;6}|{1;4;70;39;104;90;30;127}|{99;109;116;58;61;64}
cap100_n150_t150_LonSm_2.txt,150779,126238,475112,2916,2598,2567,2558.33,7.7555,0.721928,1800.01,1.0672,{66;68;69;108;117;124}|{97;115;148;60;63;64}|{49;50}|{131;105;75;44;47;143;127}|{42;43}|{39;40;46;146;83;147;150;89;58;96}|{35;99;101;133;73;138;149;120;91;31;32}|{33;34;67;94;118;119;92;61;62}|{38;103;54;88;25;121;30}|{139;14;15;142;29}|{132;85;23;122;28;93;95;128}|{136;140;82;86;22;24;27}|{65;109;17;114;19;116;56;26;59}|{129;104;112;145;52;84;20;21}|{134;137;13;77;79;141;18}|{36;70;102;11;12;45;107;16;81;113;144;87}|{98;100;8;9;10;74;76;111;57}|{1;6;7;106;110;53;55}|{4;5;135;48;51;123;125}|{2;3;37;41;80;90}|{130;71;72;78;126}
cap100_n150_t150_LonSm_3.txt,231534,198869,728486,2771,2540,2470,2465.49,13.347,1.13145,1800.03,2.70309,{133;136;75;76;142;82;122}|{129;135;72;80;81;117}|{130;106;108;110;146;149;55;56;63}|{54;64}|{66;40;42;109;125}|{41;36;39}|{37;38;43;127;126;95;96}|{97;35;99;131;115;118;28;32}|{33;34;67;78;22;88}|{140;111;114;147;86;90;30;31}|{98;83;148;87;57;26;27;124;29}|{71;44;18;23;25;59}|{132;69;102;9;50;20;24;89;128}|{65;68;13;15;145;21;150}|{101;70;7;105;10;74;137;77;143;48;19;123}|{73;139;141;47;16;17;144;94}|{12;14;79;112;113;53;119;92}|{8;11;107;49;120;91;60;62}|{3;5;6;45;58;61}|{1;2;4;134;103;104;46;51;52;121;93}|{100;138;116;84;85}
cap100_n150_t150_LonSm_4.txt,179623,155573,562104,2802,2506,2468,2459.6,10.1529,0.87194,1800.02,1.49482,{90;83;80}|{133;104;79;145;84}|{98;124;117;87;58;60;61}|{52;55;56}|{100;49;50;115;114}|{43;44;67;88}|{35;36;131;134;75;139;47;93;96}|{33;141;142;143;32}|{135;77;111;144;82;18;85;22;28}|{130;74;107;112;53;25;27}|{66;122;121;26;29;30}|{138;108;140;113;19;147;54;24;62}|{71;110;17;81;51;86;23;125;127}|{129;99;68;132;103;48;20;21}|{65;73;45;14;15;16;116;150;119;89;123}|{1;97;4;37;70;40;76;13;78;118;126}|{72;10;42;12;148;149}|{8;9;105;11;106;137;46;120;63;59;31}|{5;6;39;7;101;109;57;128;95;64}|{2;3;34;69;38;102;136;41;146;94}|{91;92}
cap100_n150_t150_LonSm_5.txt,121264,101093,382892,2743,2481,2456,2444.84,8.06902,0.561489,1800.06,0.983631,{147;140}|{73;48;49;145;85;123}|{135;138;44;47;143}|{43;76;45;46;113;86;118;126;95}|{41;129;127;40}|{130;35;133;39;80;125;63}|{34;67;100;37;103;150;120;61;32}|{132;69;79;122;124;29;30}|{33;117;27;93;94}|{102;42;74;107;13;82;83;115;24;26;59}|{68;106;78;114;22;23;25;60}|{101;71;72;108;112;144;18;21}|{142;111;19;20;87;88}|{97;9;11;17;84;53;116;56}|{99;131;77;14;16;81;51;52;149;128}|{98;134;7;136;12;15;54;57;91;89;62}|{66;36;8;104;10;137;139;110;146;92;31;64}|{65;3;4;6;105;109;50;55;28;96}|{1;2;90;5;38;70;75;119;121;58}|{148;141}
cap100_n150_t150_ShSm_1.txt,28972,21190,95294,1308,1201,1201,1187.52,1.16767,0.108608,1771.89,0.198769,{101;133;106;146;148;85;117;88}|{65;40;72;139;44;141;48;52;149;87;24;25;26;89;63}|{97;98;130;37;38;69;71;104;12;83;20;84;116;23;119;125}|{67;99;102;135;136;73;109;142;19;21;96;64}|{66;134;39;123;14;46;79;17;18;51;121;90;27;61;30}|{33;131;70;103;137;10;11;60;74;92;108;16;111;56;28;93;62;31}|{100;7;8;105;138;107;77;78;47;15;49;50;143;120;127;95}|{68;9;42;41;75;13;144;53;54;118;150;91;124;94}|{34;3;35;5;6;45;80;113;82;115;86;55;126;128}|{1;2;129;4;132;140;22;29;32;36;43;57;58;59;76;81;110;112;114;122}|{145;147}
cap100_n150_t150_ShSm_2.txt,30328,23107,98583,1399,1279,1271,1262.18,3.38068,0.121751,1800.01,0.240672,{68;40;92;77;46;47;79;81;125;115;128;144;24;25;60;121;62;96}|{131;132;133;72;74;107;109;80;49;50;22;23;55;26;63}|{34;101;102;20;21;119;124}|{134;123;135;42;45;141;16;112;18;116;149;91;93;95}|{129;66;99;100;103;136;138;44;12;13;15;48;76;118;59;30}|{97;70;71;8;10;75;14;52;148;54;86;56;150;90;127;29;126;31}|{39;9;106;11;43;108;143;146;87;88;122;94}|{1;2;35;98;38;7;104;142;145;82;147;84;28;61;64}|{67;36;4;37;6;73;105;139;140;110;19;51;53;89}|{65;3;5;69;41;78;17;114;83;85;117;120;57;58;27}|{33;130;137;111;113;32}
cap100_n150_t150_ShSm_3.txt,22815,17478,74112,1441,1308,1304,1291.64,1.35635,0.0883648,1800.03,0.195052,{135;136;108;109;83;30;85;57;26;62}|{67;100;69;133;134;106;80;81;113;114;52;149;150;55;89;28;29;31}|{97;130;132;37;73;105;77;15;144;17;50;51;115;117;25;60}|{129;12;143;16;145;146;20;33;42;43;61;64;66;78;79;84;98;102;119;121}|{122;35;101;7;71;9;72;104;140;14;48;82;148;58;59;124;93;32}|{123;8;138;13;141;111;112;18;22;90;91;125}|{65;99;68;131;6;70;41;10;11;44;75;46;110;23;24;92;128;96}|{34;4;5;107;47;21;54;86;56;88;118;126}|{1;2;3;36;40;137;139;49;19;147;27;94;95}|{38;39;103;74;76;45;142;116;53;87;120;127;63}
cap100_n150_t150_ShSm_4.txt,29620,22068,96803,1405,1285,1278,1267.75,1.87609,0.121961,1800.02,0.253166,{70;71;73;111;145;147;84;149;122;94;127;96}|{69;134;123;136;124;46;142;55;25;58;27;28}|{98;67;68;37;38;101;103;131;141;20;21;87;121;128}|{129;137;139;144;19;23;26;35;42;44;60;76;81;86;97;99;100;117;126}|{130;108;15;16;79;80;83;143;53;22;119;57;89;95}|{34;66;72;43;12;13;113;18;115;116;29}|{3;4;10;109;50;51;114;59;30;31;32}|{6;9;105;107;47;48;17;49;118;56;61}|{132;133;102;135;8;41;104;45;14;77;82;54}|{65;5;39;7;40;106;138;140;146;120;88;90;125;63}|{1;2;33;36;11;78;52;85;148;150;24;62;64}|{74;75;110;112;91;92;93}
cap100_n150_t150_ShSm_5.txt,30559,22675,99763,1440,1269,1261,1250.17,1.76597,0.125889,1800.02,0.269768,{99;133;102;71;137;74;75;106;111;54;55;88;95}|{67;38;134;136;41;80;82;83;58}|{34;36;37;132;135;140;51;56}|{131;123;47;144;59;28;61;31;128}|{72;42;76;108;78;53;87;25;26;126;127;96}|{65;101;103;40;104;139;79;112;49;19;120;22;23;118;90;93}|{68;69;39;8;10;77;146;147;21;124;125}|{9;73;11;12;48;115;84;85;116;57;27;89;29;62}|{33;97;130;100;5;7;105;43;107;45;15;17;20;119;121;60;63}|{129;98;3;4;6;44;13;109;110;142;52;150;24;122;91;92;64;32}|{1;2;14;16;145;18;148;149;30;35;46;50;66;70;81;86;94;113;114;117}|{138;141;143}
cap100_n150_t180_LonSm_1.txt,135325,112863,428283,2743,2561,2501,2492.27,7.41816,0.579935,1800.01,1.45654,{97;99;100;45;46;141;48;144;146}|{129;103;40;41;42;73;81;113;83}|{37;69;39;102;78;96}|{34;67;68;137;138;109;112;85;124;30;31}|{75;108;77;80;26;27;28;125}|{76;61;111;51;118;24;25;29}|{43;49;148;21;150;87;23;121;123;93}|{65;4;6;106;140;110;19;86;126;89;62}|{107;139;79;143;17;18;120;54;56;90;91}|{131;101;44;15;16;22;55;88;59;92}|{66;35;36;130;38;70;71;104;13;14;142;117;119}|{135;10;11;12;50;82;84;115;147;57;60;128;32}|{98;5;9;95;58;94;63}|{2;8;114;52;53;116;64}|{1;33;3;134;7;72;105;74;136;47;20;149;122}|{145;132;133;127}
cap100_n150_t180_LonSm_2.txt,124213,105393,390813,2830,2593,2552,2540.54,6.64409,0.542731,1800.05,1.07329,{104;106;108;141;148;150;57;59;62}|{98;44;46;120;63;96}|{41;90;92;45}|{33;75;118;54;121;122;31}|{67;100;36;101;71;103;139;142;32}|{25;26;84;86}|{97;34;72;79;113;82;23;24}|{123;73;74;143;49;22;27;124}|{43;145;19;116;117;21;147}|{129;131;38;102;40;107;12;13;76;17;81;52;85;60}|{137;138;140;77;15;16;50;53;87;88}|{65;35;132;69;135;105;11;14;110;112;20;127}|{133;134;136;9;10;55;56}|{130;6;39;7;8;42;109;78;114;115;89;91;61;30}|{2;3;68;5;37;70;93;144;146;119;28;29;94;64}|{1;99;4;47;48;80;18;51;83;149;125;126;128}|{66;58;111;95}
cap100_n150_t180_LonSm_3.txt,103618,87322,327048,2872,2576,2545,2535.08,6.60303,0.463432,1800.04,0.812288,{130;103;106;147;148}|{34;35;99;76;141;79;144;114;96}|{71;73;74;116;120;29;30;31}|{36;68;107;108;109;56;28;62}|{33;132;135;80;25;26;93;63;58}|{67;101;40;105;140;145;146;84;21;24;57;128}|{133;72;104;45;78;49;113;149;22;23;27}|{66;98;4;37;7;44;77;110;47;20;150;89;123;125;64}|{136;10;11;111;19;53;90;92;61}|{100;102;137;15;48;18;59;124}|{134;42;16;17;50;83;115;85;121;126}|{65;129;5;6;43;46;14;112;142;88;127;60;95}|{97;69;38;70;8;41;13;91;32}|{3;39;9;12;81;117;54;55;86;87;119}|{1;2;138;75;82;51;52;118;122;94}|{131;143;139}
cap100_n150_t180_LonSm_4.txt,89508,75075,283115,2901,2609,2587,2575.19,5.71774,0.39328,1800.04,0.698099,{36;132;134;124;81;83;54;55;89;28;30}|{33;34;35;130;103;72;74;139;93;62;95}|{68;102;80;51;57;122;27;96;32}|{73;107;108;142;149;25;60;31}|{100;101;104;145;148;150;26;29}|{67;76;77;20;116;117;24}|{66;99;137;138;43;109;21;22;59}|{69;12;14;47;110;19;91;61;126;127}|{75;44;16;17;18;119;120;94;63}|{71;40;9;10;15;79;112;52;123;64}|{129;98;133;42;11;13;143;84;53;88}|{65;7;8;140;45;46;78;141;87}|{2;131;6;41;111;23;56;90;92;125}|{97;3;5;38;39;37;70;105;135;85;121;58;128}|{1;4;144;114;115;146;147}|{136;106;48;49;50;82;113;86;118}
cap100_n150_t180_LonSm_5.txt,107969,89733,341154,2685,2408,2385,2371.44,6.20423,0.478536,1800.07,0.79689,{135;136;45;46;141;48}|{100;44;49;82;114;145;85;146;150;88}|{38;39;148;57;122;124}|{35;36;118;120}|{34;68;73;107;113;87;60;32}|{65;133;142;79;80;93;27;29;30}|{76;77;78;47;117;24;26;126;127}|{67;131;37;74;106;147;22;56;25;128;94;96}|{66;98;134;40;41;75;143;17;19;90;123;92;63}|{129;130;99;69;101;71;18;51;20}|{132;110;15;16;52;116;119;62}|{97;2;5;70;72;43;14;111;125;23;91;61}|{103;104;10;13;55;58;59;28}|{1;102;8;105;42;12;81;54;121}|{7;9;137;11;108;138;50;53;149;89;95;64}|{33;3;4;6;109;112;83;84;21;86;115;31}|{139;140;144}
cap100_n150_t180_ShSm_1.txt,21723,15548,72225,1367,1263,1261,1246.68,0.894974,0.0858147,1800.02,0.187867,{133;141;149;150;35;36;39;44;58;70;71;72;79;85;90;105;107;116;124;126}|{33;34;37}|{101;60;74;75;83;26;91;28;63;96}|{65;130;57;137;139;56;25;27;125}|{145;146;19;20;29;40;45;48;50;64;73;80;81;92;95;104;112;120;123}|{66;67;99;38;102;11;43;13;14;46;77;49;143;115;147;119;31}|{97;98;100;69;132;8;9;41;42;12;138;110;16;117;121;62;128}|{6;7;10;76;108;78;109;142;17;148;53;54;23;24;88;122;59;94}|{1;3;68;5;134;135;15;111;113;114;51;52;22;86;87}|{129;2;131;4;103;136;106;140;144;82;18;84;21;118;89;93;127}|{47;55;61;30;32}
cap100_n150_t180_ShSm_2.txt,22151,16224,72898,1387,1280,1277,1265.58,2.17817,0.0843244,1800.01,0.170141,{69;43;140;141;48;115;116;120;22;23;24;58;63}|{37;72;41;73;75;12;138;14;142;112;113;20;55;90;91;28;93}|{129;135;13;143;16;18;149;35;42;44;67;70;85;89;101;102;109;110;123;127}|{137;10;11;17;148;26;29;34;36;40;59;60;71;81;86;88;97;98;106;125;126}|{65;133;8;9;104;136;51;117;25;122;92;30;95;64}|{131;6;7;144;146;19;147;21;32;33;39;50;61;62;66;76;82;87;94;108;111;124}|{4;5;132;15;27;31;38;46;47;54;56;57;77;80;83;99;100;105;121;128}|{1;2;3;68;74;45;49}|{130;134;103;107;139;78;79;145;114;84;52;53;118;119;150;96}
cap100_n150_t180_ShSm_3.txt,17854,13019,59187,1448,1321,1321,1304.73,1.06061,0.0677452,309.099,0.131959,{130;107;139;110;144;82;19;114;21;87;125;127}|{131;101;39;42;43;17;20;85;54;86;116;126;26;148;150;62;95;64}|{134;13;14;145;146;35;36;37;44;47;57;59;70;73;80;99;103;104;111;121;124}|{129;133;11;12;27;31;33;41;48;49;56;60;69;74;75;91;92;113;115}|{3;132;8;10;142;143;16;23;25;53;55;78;79;84;94;102;105;117;119}|{7;9;137;140;22;24;38;40;46;58;66;67;68;96;97;98;118;120;122}|{1;65;4;6;136;106;138;108;93;81;50;51;83;28;29;30;63}|{2;34;5;71;72;45;15;18;52;88;90;61;32}|{100;135;76;77;109;141;112;147;149;89;123;128}
cap100_n150_t180_ShSm_4.txt,15077,11536,49148,1460,1343,1343,1330.03,1.06797,0.0575707,218.165,0.100005,{100;69;71;108;85;92}|{122;68;102;123;73;137;138;44;46;110;113;52;21;84;23;25;90;57}|{35;37;140;141;15;16;17;48;60}|{131;134;135;14;18;147;32;33;38;53;58;75;77;81;95;97;99;107;115;119;120}|{65;127;91;104;105;42;11;136;47;111;112;20;54;87;88;59;31}|{130;8;9;106;43;109;78;128;82;146;149;55;56;27;29;96}|{3;4;7;10;13;143;148;150;28;30;34;40;49;61;63;72;80;83;101;103;124;125;126}|{129;98;5;6;70;133;41;74;139;45;145;116;22;86;24;89;118;64}|{1;2;132;12;142;144;19;26;36;39;50;51;62;76;79;93;94;114;117;121}|{66;67}
cap100_n150_t180_ShSm_5.txt,18932,14211,62070,1476,1335,1335,1318.18,1.01752,0.0764041,1515.36,0.13286,{142;145;150;121;122}|{65;40;41;74;43;116;117;86;87;61}|{34;67;36;69;38;134;141;111;113}|{97;66;68;101;72;139;79;144;147;84;85;120;27;28;125}|{98;99;132;102;92;140;13;14;143;80;112;82;114;115;22;59;60;30}|{131;37;70;8;106;11;75;109;16;51;53;25;124}|{5;10;138;20;23;26;33;42;46;52;55;64;78;81;83;91;104;105;123;128}|{6;7;9;21;24;29;47;49;50;54;63;71;77;88;89;90;93;100;107;110}|{1;4;39;103;135;136;12;44;76;15;108;149;58;127;62;31}|{2;3;133;137;17;18;19;32;35;45;48;56;57;73;94;95;96;118;119;126}|{129;130;146;148}
cap100_n200_t200_LonSm_1.txt,237660,202951,747285,3724,3418,3272,3269.26,12.291,1.18243,1800.03,2.79345,{105;74;75;140;189;126;192}|{68;101;69;135;112;152;90;156;160}|{65;133;176;114;146;91;60;96}|{67;195;169;109;148;117;59;61}|{41;186;43;188}|{194;163;36;165;37}|{193;34;35;196;39;71;199;138;145;92;93}|{197;40;139;143;113;177;83;182;31;94;95}|{98;162;168;85;22;58;29;158;127}|{164;166;73;76;50;82;116;54;118;24;28;125}|{161;122;123;167;57;26;27;153;63;32}|{70;107;111;51;149;23;88;25;151}|{130;102;198;200;78;16;17;178;180;21;120;87;56;154;187}|{129;104;141;79;48;49;19;20;183;89;185;128}|{131;12;174;144;18;52;53;121;124;190}|{33;99;134;9;10;106;170;45;15;84;86;55;159}|{132;38;103;8;72;13;14;142;80;173;175;184;62}|{97;3;4;100;137;42;11;46;81;181;150;155;191}|{1;66;6;7;77;115;147;119;157;30;64}|{2;5;136;171;108;44;110;47;172;179}|{}
cap100_n200_t200_LonSm_2.txt,340250,296363,1.06336e+06,3804,3474,3353,3349,18.8371,1.73793,1800.03,3.81688,{65;167;109;110;144;176;189;84;87;61;158}|{179;52;181;53;184;63}|{162;194;105;49;113;51;152;185;58}|{41;42;178;182}|{129;133;39;135;44;45;82;85}|{161;99;100;38;43;78;47;146;180;128}|{97;36;37;173;80;116;118;160}|{34;35;170;139;141}|{136;137;83;190;187;60;191;30;31}|{130;77;29;145;153;155;28;93;96;64}|{122;127;140;156;22;23;151;25;90;59;89;95}|{196;166;198;72;200;74;114;19;21;24;57;124;125}|{66;131;71;168;12;13;81;20;117;149;183;186;123}|{193;98;195;134;76;17;18;55;88;121;126}|{132;70;199;138;46;15;16;79;142;188;86;27;92;192}|{163;164;5;165;103;73;10;75;106;108;14}|{33;67;197;6;7;11;107;171;172;175;54;91;94}|{40;9;8;169;50;119;120;159}|{1;154;4;174;111;112;143;115;56;26;157;62}|{2;3;101;102;104;48;177;147;148;150;32}|{68;69}
cap100_n200_t200_LonSm_3.txt,242302,208161,759678,3775,3507,3367,3359.41,14.0894,1.26571,1800.02,2.67447,{196;199;109;110;111;173;151;156}|{89;74;63;64}|{162;91;60;59;124;61;158;127}|{160;133;41;42;106;76;174;177;187;128}|{35;40;108;144;113;149;150}|{33;37;38;69;103;105;104}|{138;80;176;84;123;30;191;32}|{98;134;141;180;85;184;55;152;90;27;31}|{1;2;99;129;102;170;172;79;51;52;116;58;29;159}|{131;71;114;146;54;26;28}|{130;166;77;83;115;24;25;157}|{72;168;171;140;78;175;81;21;22;23;121;126}|{67;163;70;49;19;20;181;119;120;183;122;94}|{68;47;143;17;18;189;88;188;125}|{161;66;164;167;75;15;16;86;93;62}|{195;12;14;190;56;57;155;153}|{193;101;6;198;8;169;139;44;13;50;178;53;117;154;96}|{65;97;100;197;9;11;43;147;148;179}|{194;36;5;7;200;73;10;46;48;82;186;95}|{34;3;4;132;39;136;137;45;112;87;92}|{165;135;107;142;145;118;182;185;192}
cap100_n200_t200_LonSm_4.txt,251600,213253,794840,3615,3311,3222,3215.06,16.1234,1.22095,1800.04,2.58055,{161;133;134;149;190;92;93;94}|{165;135;115;179;88;91}|{}|{186;44;45;109;85;86;87;154;159;160}|{193;163;103;200;41;42;79;113;157;89;125;158;64}|{38;39;142;144;146}|{35;198;72;140;46;145;51;185}|{34;130;195;139;141;48;17;82;83;183;24;192}|{33;171;110;143;30;147;148;181;121;90;29;62;95}|{67;127;199;174;175;54;123;124;189;31;32}|{100;101;138;76;80;21;151;184;26;28;191;96}|{49;114;52;53;22;23;120;122;27}|{97;68;69;132;164;73;14;20;25;156;126}|{65;102;107;173;78;18;19;84;180}|{129;166;71;74;12;13;16;50;116;128}|{98;99;131;11;75;15;176;150;152;59;188}|{162;37;8;9;10;170;108;112;117;182;55;57;58;187;153}|{194;36;5;70;7;197;106;47;111;119;60;61}|{66;3;4;196;6;40;105;104;136;172;177;178;56;155}|{1;2;167;168;137;169;43;77;81;118;63}
cap100_n200_t200_LonSm_5.txt,204738,174731,643061,3762,3460,3384,3378.78,11.6723,0.990217,1800.01,2.31211,{130;68;69;135;174;178;120;159;95}|{65;66;140;141;187;188;189}|{97;161;162;101;107;48;51}|{99;200;139;44;45;52;86;185;156;158;192}|{98;195;36;37;197;198;72;40;137;136;143;84}|{34;196;102;104;144;30;157;62;63}|{33;166;147;181;118;89;58;92;29;32}|{193;124;109;79;82;85;55;119;153;26;27;28;183;191}|{129;132;186;199;24;87;88;25;152;59}|{133;165;7;9;142;112;81;113;83;179;54;23;56;182}|{105;42;43;106;80;17;18;50;115;176;22;151;154}|{67;100;8;74;10;170;180;21;117;121;127}|{131;164;108;46;175;146;19;20;53;150;96}|{134;41;138;172;77;14;16;177;184;90;94}|{70;39;168;76;13;110;15;111;145;60}|{35;5;38;71;103;11;12;49;125;148;149;93;128}|{4;6;155;171;190;57;122;123;61;126}|{1;2;3;160;163;78;47;114;116;91;31;64}|{194;167;73;169;75;173}
cap100_n200_t200_ShSm_1.txt,34477,25643,112858,1852,1695,1685,1675.61,3.64291,0.149688,1800.03,0.263857,{192;99;163;166;142;143;179;183;155;189;96}|{134;139;149;151;88;90}|{26;28;30;35;44;53;59;193;67;198;200;75;76;95;98;110;113;123;125}|{136;144;19;20;23;156;38;168;169;43;50;180;184;58;60;63;73;87;91;106;107;121}|{161;130;138;170;108;140;82;83;84;21;22;114;118;150;181;185;160}|{65;34;66;101;197;72;41;47;16;17;112;94;86;120;25;62;191}|{133;12;141;14;15;24;154;158;32;36;37;176;178;187;188;80;81;115;116;128}|{97;131;132;7;8;71;104;13;46;45;48;174;175;56;186;64}|{194;3;164;5;195;167;40;196;42;11;74;93;18;146;147;57;92;61}|{1;2;33;100;129;10;77;78;79;109;49;111;52;27;126}|{4;6;9;137;148;153;29;31;162;165;39;172;173;51;54;55;182;68;69;70;85;89;103;117;119;124;127}|{102;135;199;105;171;145;177;152;122;157;190;159}
cap100_n200_t200_ShSm_2.txt,48103,35753,157467,1969,1797,1780,1770.45,3.42305,0.208603,1800.03,0.485154,{193;98;99;132;70;71;72;110;86;190;123;189;126;128}|{59;60;188;192}|{197;198;167;73;82;115;181;54;118;56;121;154;155;156;184;96}|{149;23;152;26;27;161;37;43;180;55;185;186;58;75;77;93;94;101;104}|{164;196;199;168;45;47;50;19;20;147;22;148}|{194;41;42;140;173;142;174;16;49;21;89;91;62;95}|{131;135;13;15;144;17;29;36;170;171;51;52;80;83;84;97;102;112;122;127}|{134;7;12;145;18;146;24;30;169;172;46;176;61;74;88;92;100;119;124;125}|{1;3;133;138;11;14;34;35;165;38;166;57;187;64;67;200;85;87;90;103;116;117}|{5;9;10;137;143;159;33;162;163;39;40;182;191;63;195;69;81;108;111;120}|{6;8;136;139;141;151;25;28;158;160;44;48;177;178;53;183;76;78;79;107;109;113}|{65;2;66;4;68;129;130;105;106;175;114;179;150;153;157;31;32}|{}
cap100_n200_t200_ShSm_3.txt,40807,31190,133038,1826,1676,1661,1651.76,2.30576,0.189944,1800.02,0.336148,{174;142;176;144;151;187;192}|{164;196;198;172;141;143;183;186}|{104;106;140;145;116;149;86;88;157}|{81;146;139;80}|{193;35;131;37;132;197;169;138;171;76;46;79;82;182;159}|{133;134;137;17;20;22;162;167;170;181;189;194;70;71;72;89;90;96;102;111;113;117}|{33;99;69;135;136;13;16;87;56;57;59;93;31}|{66;130;14;15;52;85;54;25;91;156;127}|{5;8;12;18;150;155;161;34;163;36;41;173;51;60;191;64;200;124;126}|{166;40;9;42;11;74;45;77;168;118;185;122;27;190;63;32}|{6;10;21;24;26;38;44;48;53;55;61;78;84;94;95;105;107;108;120;121;128}|{1;2;129;7;19;147;23;28;158;165;39;43;47;175;180;184;65;67;68;195;83;92;98;101;103;110;114;115}|{3;4;148;153;29;30;160;49;50;58;62;73;75;97;100;109;112;119;123;125}|{199;177;178;179;152;154;188}
cap100_n200_t200_ShSm_4.txt,41475,31496,135572,1929,1773,1754,1744,2.59357,0.18166,1800.02,0.34024,{69;70;72;169;172;174;115;147;149;118;187;28;30}|{15;16;145;144;22;39;41;52;61;190;194;67;80;81;95;105;110;117;121}|{130;139;141;19;21;26;161;38;171;47;175;54;59;60;189;193;77;107;108;122;128}|{142;143;18;20;160;162;163;167;50;179;53;186;188;197;200;78;84;93;94;116}|{129;14;17;150;156;157;35;165;45;177;178;191;66;68;196;199;87;88;91;98;119;120;124}|{101;40;73;11;12;13;46;111;140;176;146;180;85;86;58;31}|{2;133;6;71;103;104;10;43;44;106;134;83;182;158;152;183;62}|{135;8;9;148;153;159;32;34;36;168;181;63;64;65;195;198;79;89;97;102;112;125;126;127}|{4;5;164;7;166;137;138;75;76;109;184;90;155;92;192}|{1;33;3;132;37;136;170;173;49;113;114;151;56;57;154;27;29;185}|{99;100;131;42;74;48;82;51;23;24;25;55;123;96}
cap100_n200_t200_ShSm_5.txt,59436,46524,192767,1905,1729,1716,1709.88,3.32576,0.272784,1800.02,0.547824,{196;198;71;75;148;149;150;180;185;186}|{33;34;35;195;69;171;146;51;84;147;87;183;91;188;62}|{99;100;155;124;113;177;189;119;152;25;27;60;61;126}|{129;162;132;165;76;172;16;18;21;181;89;59;128;64}|{97;98;130;68;37;70;134;42;108;13;110;15;80;17;151;63;127;31}|{136;14;19;153;154;156;40;41;43;176;179;55;57;190;74;79;85;96;104;109;112;121;123}|{10;11;139;141;145;20;159;32;163;44;46;47;67;72;77;92;101;102;111;115}|{133;8;9;138;140;23;24;158;45;174;48;49;178;182;65;193;200;73;78;88;90;118;120}|{161;2;3;36;160;197;7;199;142;143;116;117;56;26;157;94;95;58}|{131;5;6;137;12;144;22;29;38;170;173;175;52;54;191;192;66;81;86;93;103;107;114}|{1;4;135;28;30;164;166;39;168;50;53;184;187;194;82;83;105;106;122;125}|{169;167}
cap100_n200_t240_LonSm_1.txt,150815,128298,475530,3744,3485,3399,3391.98,9.24897,0.71952,1800.13,1.28733,{161;77;79;180;118;119;152;122}|{135;104;167;169;109;78;89}|{68;69;71;181;183}|{165;166;172;92;62;63}|{67;38;39;88;158;159;160}|{49;184;186;156;157;31;32}|{37;102;200;74;43;75;147;84;116;148;120;30;192}|{193;66;35;103;199;105;107;144;150;151;57;26;27;60;191}|{70;46;143;145;178;149;86;55;25;29}|{90;99;163;76;142;20;21;117;182;24;121;58;187;61}|{72;139;141;47;18;19;51}|{98;130;132;162;11;12;111;17;83;179;59;64}|{129;41;44;14;174;16;175;123;124;190}|{97;3;5;101;73;106;140;173;15;52;56;185;154;125;126;96}|{33;195;133;197;40;9;8;13;80;176;114;146;85;54;153;91;189;128}|{34;131;100;194;196;7;10;138;170;81;50;113;188}|{4;6;134;168;198;42;171;108;48;112;177;22;23;87;127;94;95}|{1;2;65;36;164;136;137;45;110;82;115;53;155;28;93}|{}
cap100_n200_t240_LonSm_2.txt,136296,111906,434255,3635,3312,3239,3232.91,7.17142,0.628396,1800.01,1.36263,{102;105;46;142;48;181;152;153;191}|{41;42;140;109;47;80;83;86;119;124}|{99;37;39;75;144;49;114;115;179;180;57;155;89;62;128}|{33;38;72;175;178;84;53}|{129;34;107;76;171;150;151;88;185;28;31;64}|{131;146;21;23;24;157;160;172;176;65;193;197;70;200;74;93;94;110;112;127}|{194;165;170;77;78;79;22;26;189}|{161;132;71;168;108;14;17;20;85;116;182;56}|{97;98;130;164;195;156;173;143;18;19;190;122;59;60;158;96}|{67;101;133;167;136;73;43;15;16;51;91;159}|{90;154;166;169;10;11;13;177;117;118;121;58;27;61}|{35;100;196;198;199;8;12;141;50;147;54;25;95}|{3;6;134;9;139;148;30;162;44;174;55;183;184;63;81;104;111;113;125}|{192;163;4;5;7;137;138;187;45;145;82;52;87;123;92;32}|{1;2;66;36;68;69;103;40;135;106;149;120;186;188;29;126}|{}
cap100_n200_t240_LonSm_3.txt,129924,109657,409774,3889,3572,3506,3495.94,8.58685,0.600045,1800.06,0.887627,{193;116;117;196}|{73;75;76;187;189}|{131;37;38;166;136;167;171;112;53;94;63}|{34;36;71;139;172;45;141;176;81;92}|{33;198;40;169;114;54;150;153;122;156;190;32}|{65;108;77;109;146;148;25;26;185}|{162;105;124;61;157;24;91;60;29;95}|{194;68;101;102;132;133;106;19;52;22;151;183;184;62}|{97;67;70;135;72;168;43;111;178;147;20;21;119;186}|{44;79;113;18;50;84;182;152;123;28;31;192}|{161;163;69;197;7;200;42;110;80;17;23;154;27;125}|{14;175;16;85;149;88;56;57;58;155;159}|{199;104;11;140;142;15;48;145;83;55;87;121;90;188;191}|{129;2;35;100;195;6;170;13;78;47;180;158;93;126;127;64}|{160;130;99;165;39;8;10;74;12;107;143;82;179;59;128}|{98;4;5;134;9;137;173;46;174;51;181;89;30}|{1;66;3;103;41;49;86;118;96}|{164;138;144;177;115;120}
cap100_n200_t240_LonSm_4.txt,188796,158910,597313,3728,3378,3293,3288.09,10.1834,0.888709,1800.04,1.85591,{164;197;200;76;78;188;158;160}|{73;74;176;157;182;122;156;93}|{130;67;70;136;175;112;179;180;119}|{65;97;104;153;154;60;94;64}|{134;198;199;170;108;109;110;173;49;52;151;57}|{33;34;35;195;105;106;145;146;189;159}|{194;196;69;165;71;168;139;85;120;91;29;31;32}|{162;100;123;72;124;141;174;51;24;25;26;59;89;121}|{129;75;140;48;20;116;54;117;27;30}|{66;38;39;80;17;19;148;87;152}|{193;163;43;12;142;47;15;81;18;82;84;144;55;191;95;192}|{161;132;37;13;77;16;177;83;190;63;128}|{131;167;40;9;10;169;14;143;50;86;118;56;90;155;92;62}|{101;7;8;41;137;11;107;138;172;178;183;28;61}|{98;99;5;6;45;46;147;150;185;186;187;126}|{3;4;133;103;135;171;79;114;21;22;23;53;88;58;181;125;184}|{1;2;36;68;102;42;44;96}|{166;111;113;115;149;127}
cap100_n200_t240_LonSm_5.txt,178335,151115,562381,3523,3315,3225,3221.2,10.3026,0.774894,1800.02,1.76602,{89;90;91}|{164;141;79;80;81;113;117;118;149;181;183;160}|{33;129;35;68;186;103;106;171;178;53;152;58;155;92;29;128}|{98;102;105;42;138;140;173;174;51;179;23;25;127;28;62;63}|{38;73;77;78;114;52;153;122;27;158;32}|{193;130;194;132;40;46;47;22;55;87;26;188;93;96}|{162;197;45;144;145;176;147;21;24;57;187}|{71;72;137;15;20;119;120;184;189}|{34;37;101;167;168;109;18;19;115;85;59;61}|{66;131;133;134;104;169;11;14;48;17;177;54;95}|{97;67;69;139;76;13;110;16;150;185;123;156;192}|{161;165;166;39;10;12;49;82;126;125;94}|{163;195;196;135;8;9;136;170;44;50;83;84;182;124}|{5;6;7;199;200;172;142;111;116;86;88;154;60;64}|{1;65;36;4;41;75;107;108;191;112;146;157;190;159}|{2;3;99;100;70;198;74;43;143;175;148;180;151;56;121;30;31}|{}
cap100_n200_t240_ShSm_1.txt,31489,22402,104477,1847,1693,1677,1668.09,3.08124,0.128338,1800.02,0.260567,{97;34;98;140;143;48;145;52;22;23;59;60;62}|{136;142;18;20;150;151;156;36;164;39;169;175;49;50;180;183;192;199;200;78;80;95;103;111}|{130;101;102;12;77;108;81;19;117;86;125}|{11;141;14;17;160;33;161;35;45;47;61;189;190;64;191;71;82;84;105;106;110;115;119;128}|{133;134;15;16;148;154;37;38;41;51;53;188;193;68;73;76;87;89;93;107;109;112}|{8;9;10;137;138;152;153;27;30;32;165;167;40;171;46;184;58;186;187;74;75;96;100;104;114;116;126;127}|{131;4;6;7;42;43;44;173;174;177;181;182;56;194;195;69;72;85;88;92;94;121;123;124}|{3;5;139;144;146;25;26;157;31;162;163;168;170;172;185;67;196;197;70;198;83;120;122}|{1;2;13;79;176;178;147;179;21;54;55;24;57;149;63}|{65;66;99;129;132;166;135;155;113;118;90;91;28;29;158;159}
cap100_n200_t240_ShSm_2.txt,24146,17733,79674,1899,1757,1749,1733.6,1.04183,0.0938528,1800.02,0.182899,{193;194;104;112;20;22;119;90;94}|{163;69;71;178;180;21;87;24;155;92;158}|{130;131;12;14;15;146;148;149;33;34;170;172;47;190;66;67;195;196;70;88;89;106;109;110;121}|{133;10;13;141;23;26;27;156;40;43;45;183;184;186;64;65;68;79;82;86;96;98;120;123}|{132;11;139;142;17;18;145;28;31;159;164;165;38;168;44;176;51;52;187;188;61;62;198;75;80;95;99;111;116;124;126}|{8;9;137;138;150;152;157;161;36;37;39;167;179;54;55;185;77;78;81;114;115;117;128}|{1;5;7;144;147;30;32;166;169;42;48;49;181;182;58;59;76;85;93}|{4;6;134;135;140;19;25;153;160;41;171;173;46;50;60;63;197;199;72;73;200;91;101;105;118;122;125}|{129;2;3;136;143;16;151;154;29;162;35;174;175;177;53;56;57;189;74;83;84;97;107;113;127}|{100;102;103;108;191;192}
cap100_n200_t240_ShSm_3.txt,32799,23361,109500,1869,1688,1680,1663.52,3.02794,0.137583,1800.04,0.276543,{187;188;183}|{66;67;196;165;166;167;150;151;158;192}|{197;198;123;41;42;138;142;178;52;182;121;59}|{130;135;17;19;20;24;152;156;160;34;164;47;58;69;70;76;82;84;91;93;101;118;120;127}|{133;137;141;14;15;31;35;176;184;61;62;65;78;80;90;95;106;108;119;122}|{10;12;145;146;21;25;29;36;44;174;175;50;51;181;191;72;74;77;86;88;94;99;104;105;109}|{1;2;136;11;13;143;147;22;30;37;168;43;172;48;49;68;71;73;102;103;110;115;117}|{134;8;9;139;16;144;149;159;32;33;161;162;45;46;177;180;54;57;60;199;200;87;89;107;114;124;125}|{129;6;7;148;153;26;27;38;39;169;170;171;56;189;190;63;64;75;79;85;96;97;100;112;116;126;128}|{3;4;5;131;132;140;18;23;154;155;28;157;163;40;173;179;53;55;81;83;92;98;111;113}|{193;194;195;185;186}
cap100_n200_t240_ShSm_4.txt,31517,23077,103968,1898,1736,1726,1716.02,1.89717,0.127413,1800.01,0.269441,{194;195;71;103;104;42;43;108;48;58;63}|{33;97;99;168;173;142;79;144;81;146;21;182;23;185;155;158}|{35;163;133;38;135;72;165;74;75;17;18;177;189;90;29;95}|{132;136;139;14;16;150;153;159;40;41;44;178;51;179;53;55;190;191;70;73;78;101;102;109;115;117;122}|{11;12;141;145;22;25;154;156;36;166;172;181;183;66;67;91;93;96;106;116;120;125;128}|{3;4;9;138;140;147;151;26;28;32;39;174;176;49;52;54;192;196;69;197;77;80;84;92;98;107;113;119;123;124}|{129;134;7;8;143;20;161;34;162;170;45;46;56;57;186;59;187;76;82;87;100;105}|{5;6;137;15;19;24;157;31;160;37;171;47;50;184;188;61;64;65;86;89;110;118;126}|{1;2;68;199;200;10;13;83;62;85;94;88;27;60;30}|{193;130;131;164;198;167;169;111;112;175;114;148;149;180;152;121;127}
cap100_n200_t240_ShSm_5.txt,28601,21110,94131,1930,1768,1765,1749.16,1.87545,0.128769,1800.02,0.176258,{163;165;102;74;75;106;139;141;144;151;121;90;91}|{131;68;133;69;71;168;173;145;177;178;154}|{33;129;132;70;78;143;149;87;156;128;32}|{142;148;152;30;35;166;40;169;175;52;54;182;184;186;58;196;123;125;126}|{65;44;76;46;113;50;19;114;21;116}|{34;67;36;38;72;11;108;45;140;111;16;20}|{9;10;14;23;159;161;164;42;43;172;176;49;51;179;53;188;66;194;197;198;86;89;104;105;107;118;124;127}|{8;12;146;147;28;29;191;192;63;64;195;80;85;92;93;100;109;112;119}|{2;4;7;136;13;25;26;155;157;37;185;59;60;61;187;189;81;83;97;98;99;120;122}|{130;5;6;138;17;18;150;27;158;162;39;170;171;174;181;55;56;57;193;199;200;82;84;96;101;117}|{1;3;15;22;24;31;41;47;48;180;183;62;190;73;77;79;88;94;95;103;110;115}|{134;135;167;137;153;160}
